0,391.3894325
0.0001,391.3902775
0.0002,391.3928125
0.0003,391.3970375
0.0004,391.4029525
0.0005,391.4105575
0.0006,391.4198524
0.0007,391.4308374
0.0008,391.4435123
0.0009,391.4578772
0.001,391.4739321
0.0011,391.4916769
0.0012,391.5111116
0.0013,391.5322363
0.0014,391.5550509
0.0015,391.5795554
0.0016,391.6057497
0.0017,391.633634
0.0018,391.663208
0.0019,391.694472
0.002,391.7274257
0.0021,391.7620692
0.0022,391.7984025
0.0023,391.8364255
0.0024,391.8761383
0.0025,391.9175408
0.0026,391.9606329
0.0027,392.0054147
0.0028,392.0518861
0.0029,392.1000471
0.003,392.1498976
0.0031,392.2014377
0.0032,392.2546673
0.0033,392.3095864
0.0034,392.3661949
0.0035,392.4244928
0.0036,392.48448
0.0037,392.5461566
0.0038,392.6095225
0.0039,392.6745776
0.004,392.7413219
0.0041,392.8097554
0.0042,392.879878
0.0043,392.9516897
0.0044,393.0251904
0.0045,393.1003801
0.0046,393.1772588
0.0047,393.2558264
0.0048,393.3360828
0.0049,393.418028
0.005,393.501662
0.0051,393.5869846
0.0052,393.6739959
0.0053,393.7626958
0.0054,393.8530843
0.0055,393.9451612
0.0056,394.0389265
0.0057,394.1343802
0.0058,394.2315222
0.0059,394.3303525
0.006,394.4308709
0.0061,394.5330775
0.0062,394.6369722
0.0063,394.7425548
0.0064,394.8498253
0.0065,394.9587838
0.0066,395.06943
0.0067,395.181764
0.0068,395.2957856
0.0069,395.4114948
0.007,395.5288915
0.0071,395.6479757
0.0072,395.7687473
0.0073,395.8912061
0.0074,396.0153522
0.0075,396.1411854
0.0076,396.2687057
0.0077,396.397913
0.0078,396.5288072
0.0079,396.6613882
0.008,396.795656
0.0081,396.9316104
0.0082,397.0692514
0.0083,397.2085789
0.0084,397.3495929
0.0085,397.4922931
0.0086,397.6366796
0.0087,397.7827523
0.0088,397.9305109
0.0089,398.0799556
0.009,398.2310861
0.0091,398.3839025
0.0092,398.5384045
0.0093,398.694592
0.0094,398.8524651
0.0095,399.0120236
0.0096,399.1732674
0.0097,399.3361964
0.0098,399.5008104
0.0099,399.6671095
0.01,399.8350935
0.0101,400.0047623
0.0102,400.1761157
0.0103,400.3491537
0.0104,400.5238762
0.0105,400.7002831
0.0106,400.8783742
0.0107,401.0581495
0.0108,401.2396088
0.0109,401.422752
0.011,401.6075791
0.0111,401.7940898
0.0112,401.9822841
0.0113,402.1721619
0.0114,402.3637231
0.0115,402.5569675
0.0116,402.7518949
0.0117,402.9485054
0.0118,403.1467988
0.0119,403.3467749
0.012,403.5484336
0.0121,403.7517748
0.0122,403.9567984
0.0123,404.1635042
0.0124,404.3718922
0.0125,404.5819622
0.0126,404.793714
0.0127,405.0071475
0.0128,405.2222627
0.0129,405.4390593
0.013,405.6575372
0.0131,405.8776964
0.0132,406.0995366
0.0133,406.3230578
0.0134,406.5482597
0.0135,406.7751423
0.0136,407.0037054
0.0137,407.2339488
0.0138,407.4658725
0.0139,407.6994763
0.014,407.93476
0.0141,408.1717235
0.0142,408.4103667
0.0143,408.6506893
0.0144,408.8926913
0.0145,409.1363725
0.0146,409.3817328
0.0147,409.628772
0.0148,409.8774899
0.0149,410.1278864
0.015,410.3799614
0.0151,410.6337146
0.0152,410.889146
0.0153,411.1462553
0.0154,411.4050425
0.0155,411.6655073
0.0156,411.9276496
0.0157,412.1914693
0.0158,412.4569661
0.0159,412.7241399
0.016,412.9929905
0.0161,413.2635179
0.0162,413.5357217
0.0163,413.8096019
0.0164,414.0851582
0.0165,414.3623906
0.0166,414.6412987
0.0167,414.9218826
0.0168,415.2041419
0.0169,415.4880765
0.017,415.7736863
0.0171,416.060971
0.0172,416.3499305
0.0173,416.6405646
0.0174,416.9328731
0.0175,417.2268559
0.0176,417.5225128
0.0177,417.8198435
0.0178,418.1188479
0.0179,418.4195258
0.018,418.7218771
0.0181,419.0259015
0.0182,419.3315988
0.0183,419.638969
0.0184,419.9480117
0.0185,420.2587267
0.0186,420.571114
0.0187,420.8851733
0.0188,421.2009043
0.0189,421.518307
0.019,421.8373811
0.0191,422.1581265
0.0192,422.4805428
0.0193,422.80463
0.0194,423.1303877
0.0195,423.4578159
0.0196,423.7869144
0.0197,424.1176828
0.0198,424.4501211
0.0199,424.7842289
0.02,425.1200062
0.0201,425.4574527
0.0202,425.7965681
0.0203,426.1373523
0.0204,426.4798051
0.0205,426.8239262
0.0206,427.1697155
0.0207,427.5171727
0.0208,427.8662977
0.0209,428.2170901
0.021,428.5695498
0.0211,428.9236766
0.0212,429.2794702
0.0213,429.6369305
0.0214,429.9960571
0.0215,430.35685
0.0216,430.7193088
0.0217,431.0834333
0.0218,431.4492234
0.0219,431.8166788
0.022,432.1857992
0.0221,432.5565844
0.0222,432.9290343
0.0223,433.3031485
0.0224,433.6789269
0.0225,434.0563692
0.0226,434.4354752
0.0227,434.8162446
0.0228,435.1986773
0.0229,435.5827729
0.023,435.9685313
0.0231,436.3559521
0.0232,436.7450352
0.0233,437.1357804
0.0234,437.5281873
0.0235,437.9222558
0.0236,438.3179855
0.0237,438.7153764
0.0238,439.114428
0.0239,439.5151402
0.024,439.9175127
0.0241,440.3215452
0.0242,440.7272376
0.0243,441.1345896
0.0244,441.5436009
0.0245,441.9542712
0.0246,442.3666003
0.0247,442.780588
0.0248,443.196234
0.0249,443.613538
0.025,444.0324999
0.0251,444.4531192
0.0252,444.8753958
0.0253,445.2993295
0.0254,445.7249199
0.0255,446.1521667
0.0256,446.5810698
0.0257,447.0116288
0.0258,447.4438435
0.0259,447.8777137
0.026,448.313239
0.0261,448.7504192
0.0262,449.189254
0.0263,449.6297432
0.0264,450.0718864
0.0265,450.5156834
0.0266,450.961134
0.0267,451.4082378
0.0268,451.8569946
0.0269,452.3074041
0.027,452.759466
0.0271,453.2131801
0.0272,453.668546
0.0273,454.1255635
0.0274,454.5842323
0.0275,455.0445522
0.0276,455.5065227
0.0277,455.9701437
0.0278,456.4354149
0.0279,456.902336
0.028,457.3709066
0.0281,457.8411266
0.0282,458.3129955
0.0283,458.7865132
0.0284,459.2616793
0.0285,459.7384935
0.0286,460.2169556
0.0287,460.6970652
0.0288,461.1788221
0.0289,461.6622259
0.029,462.1472764
0.0291,462.6339732
0.0292,463.1223161
0.0293,463.6123047
0.0294,464.1039388
0.0295,464.5972181
0.0296,465.0921421
0.0297,465.5887107
0.0298,466.0869236
0.0299,466.5867803
0.03,467.0882807
0.0301,467.5914244
0.0302,468.0962111
0.0303,468.6026404
0.0304,469.1107122
0.0305,469.620426
0.0306,470.1317815
0.0307,470.6447785
0.0308,471.1594165
0.0309,471.6756954
0.031,472.1936148
0.0311,472.7131743
0.0312,473.2343736
0.0313,473.7572125
0.0314,474.2816905
0.0315,474.8078074
0.0316,475.3355629
0.0317,475.8649566
0.0318,476.3959881
0.0319,476.9286573
0.032,477.4629636
0.0321,477.9989069
0.0322,478.5364868
0.0323,479.0757029
0.0324,479.6165549
0.0325,480.1590425
0.0326,480.7031653
0.0327,481.248923
0.0328,481.7963153
0.0329,482.3453419
0.033,482.8960023
0.0331,483.4482963
0.0332,484.0022235
0.0333,484.5577836
0.0334,485.1149762
0.0335,485.673801
0.0336,486.2342576
0.0337,486.7963457
0.0338,487.360065
0.0339,487.9254151
0.034,488.4923956
0.0341,489.0610062
0.0342,489.6312466
0.0343,490.2031164
0.0344,490.7766153
0.0345,491.3517428
0.0346,491.9284986
0.0347,492.5068825
0.0348,493.086894
0.0349,493.6685327
0.035,494.2517984
0.0351,494.8366906
0.0352,495.423209
0.0353,496.0113532
0.0354,496.6011229
0.0355,497.1925177
0.0356,497.7855372
0.0357,498.3801811
0.0358,498.976449
0.0359,499.5743405
0.036,500.1738553
0.0361,500.774993
0.0362,501.3777532
0.0363,501.9821356
0.0364,502.5881397
0.0365,503.1957653
0.0366,503.8050119
0.0367,504.4158791
0.0368,505.0283667
0.0369,505.6424741
0.037,506.2582011
0.0371,506.8755472
0.0372,507.4945121
0.0373,508.1150953
0.0374,508.7372965
0.0375,509.3611154
0.0376,509.9865515
0.0377,510.6136044
0.0378,511.2422738
0.0379,511.8725593
0.038,512.5044604
0.0381,513.1379769
0.0382,513.7731082
0.0383,514.409854
0.0384,515.048214
0.0385,515.6881877
0.0386,516.3297747
0.0387,516.9729746
0.0388,517.6177871
0.0389,518.2642117
0.039,518.912248
0.0391,519.5618957
0.0392,520.2131544
0.0393,520.8660235
0.0394,521.5205028
0.0395,522.1765918
0.0396,522.8342902
0.0397,523.4935974
0.0398,524.1545132
0.0399,524.8170371
0.04,525.4811687
0.0401,526.1469075
0.0402,526.8142533
0.0403,527.4832055
0.0404,528.1537637
0.0405,528.8259276
0.0406,529.4996967
0.0407,530.1750706
0.0408,530.852049
0.0409,531.5306312
0.041,532.2108171
0.0411,532.892606
0.0412,533.5759977
0.0413,534.2609917
0.0414,534.9475876
0.0415,535.6357849
0.0416,536.3255832
0.0417,537.0169821
0.0418,537.7099812
0.0419,538.40458
0.042,539.1007782
0.0421,539.7985752
0.0422,540.4979707
0.0423,541.1989642
0.0424,541.9015553
0.0425,542.6057435
0.0426,543.3115285
0.0427,544.0189098
0.0428,544.7278869
0.0429,545.4384594
0.043,546.1506269
0.0431,546.864389
0.0432,547.5797451
0.0433,548.2966949
0.0434,549.0152379
0.0435,549.7353737
0.0436,550.4571018
0.0437,551.1804218
0.0438,551.9053332
0.0439,552.6318356
0.044,553.3599285
0.0441,554.0896115
0.0442,554.8208842
0.0443,555.553746
0.0444,556.2881966
0.0445,557.0242355
0.0446,557.7618622
0.0447,558.5010763
0.0448,559.2418773
0.0449,559.9842647
0.045,560.7282382
0.0451,561.4737972
0.0452,562.2209413
0.0453,562.96967
0.0454,563.7199828
0.0455,564.4718794
0.0456,565.2253592
0.0457,565.9804218
0.0458,566.7370666
0.0459,567.4952934
0.046,568.2551014
0.0461,569.0164904
0.0462,569.7794598
0.0463,570.5440092
0.0464,571.3101381
0.0465,572.077846
0.0466,572.8471324
0.0467,573.6179969
0.0468,574.390439
0.0469,575.1644582
0.047,575.940054
0.0471,576.717226
0.0472,577.4959737
0.0473,578.2762966
0.0474,579.0581942
0.0475,579.841666
0.0476,580.6267116
0.0477,581.4133305
0.0478,582.2015221
0.0479,582.9912861
0.048,583.7826218
0.0481,584.5755289
0.0482,585.3700068
0.0483,586.1660551
0.0484,586.9636732
0.0485,587.7628607
0.0486,588.563617
0.0487,589.3659417
0.0488,590.1698343
0.0489,590.9752943
0.049,591.7823211
0.0491,592.5909144
0.0492,593.4010735
0.0493,594.2127981
0.0494,595.0260875
0.0495,595.8409413
0.0496,596.657359
0.0497,597.47534
0.0498,598.294884
0.0499,599.1159903
0.05,599.9386585
0.0501,600.762888
0.0502,601.5886784
0.0503,602.4160291
0.0504,603.2449397
0.0505,604.0754096
0.0506,604.9074382
0.0507,605.7410252
0.0508,606.57617
0.0509,607.412872
0.051,608.2511307
0.0511,609.0909457
0.0512,609.9323164
0.0513,610.7752423
0.0514,611.6197229
0.0515,612.4657576
0.0516,613.3133459
0.0517,614.1624874
0.0518,615.0131814
0.0519,615.8654275
0.052,616.7192251
0.0521,617.5745738
0.0522,618.4314729
0.0523,619.2899219
0.0524,620.1499204
0.0525,621.0114678
0.0526,621.8745635
0.0527,622.7392071
0.0528,623.6053979
0.0529,624.4731355
0.053,625.3424193
0.0531,626.2132489
0.0532,627.0856235
0.0533,627.9595428
0.0534,628.8350061
0.0535,629.712013
0.0536,630.5905629
0.0537,631.4706552
0.0538,632.3522894
0.0539,633.235465
0.054,634.1201814
0.0541,635.0064381
0.0542,635.8942345
0.0543,636.7835701
0.0544,637.6744443
0.0545,638.5668566
0.0546,639.4608064
0.0547,640.3562932
0.0548,641.2533164
0.0549,642.1518755
0.055,643.05197
0.0551,643.9535991
0.0552,644.8567625
0.0553,645.7614595
0.0554,646.6676897
0.0555,647.5754523
0.0556,648.4847469
0.0557,649.395573
0.0558,650.3079299
0.0559,651.2218171
0.056,652.1372339
0.0561,653.05418
0.0562,653.9726547
0.0563,654.8926573
0.0564,655.8141875
0.0565,656.7372445
0.0566,657.6618278
0.0567,658.5879369
0.0568,659.5155712
0.0569,660.4447301
0.057,661.375413
0.0571,662.3076194
0.0572,663.2413486
0.0573,664.1766002
0.0574,665.1133735
0.0575,666.051668
0.0576,666.991483
0.0577,667.932818
0.0578,668.8756725
0.0579,669.8200457
0.058,670.7659373
0.0581,671.7133464
0.0582,672.6622727
0.0583,673.6127155
0.0584,674.5646742
0.0585,675.5181482
0.0586,676.4731369
0.0587,677.4296398
0.0588,678.3876563
0.0589,679.3471857
0.059,680.3082274
0.0591,681.270781
0.0592,682.2348458
0.0593,683.2004211
0.0594,684.1675065
0.0595,685.1361012
0.0596,686.1062047
0.0597,687.0778165
0.0598,688.0509359
0.0599,689.0255622
0.06,690.001695
0.0601,690.9793335
0.0602,691.9584773
0.0603,692.9391257
0.0604,693.921278
0.0605,694.9049338
0.0606,695.8900923
0.0607,696.8767529
0.0608,697.8649152
0.0609,698.8545784
0.061,699.8457419
0.0611,700.8384052
0.0612,701.8325676
0.0613,702.8282284
0.0614,703.8253872
0.0615,704.8240433
0.0616,705.824196
0.0617,706.8258447
0.0618,707.8289889
0.0619,708.8336278
0.062,709.839761
0.0621,710.8473877
0.0622,711.8565074
0.0623,712.8671194
0.0624,713.8792231
0.0625,714.8928178
0.0626,715.907903
0.0627,716.9244781
0.0628,717.9425423
0.0629,718.9620951
0.063,719.9831358
0.0631,721.0056638
0.0632,722.0296785
0.0633,723.0551793
0.0634,724.0821655
0.0635,725.1106364
0.0636,726.1405915
0.0637,727.1720301
0.0638,728.2049516
0.0639,729.2393553
0.064,730.2752406
0.0641,731.3126068
0.0642,732.3514534
0.0643,733.3917797
0.0644,734.433585
0.0645,735.4768687
0.0646,736.5216301
0.0647,737.5678687
0.0648,738.6155837
0.0649,739.6647745
0.065,740.7154405
0.0651,741.767581
0.0652,742.8211954
0.0653,743.876283
0.0654,744.9328432
0.0655,745.9908752
0.0656,747.0503786
0.0657,748.1113526
0.0658,749.1737965
0.0659,750.2377097
0.066,751.3030916
0.0661,752.3699414
0.0662,753.4382586
0.0663,754.5080424
0.0664,755.5792923
0.0665,756.6520075
0.0666,757.7261874
0.0667,758.8018314
0.0668,759.8789386
0.0669,760.9575086
0.067,762.0375406
0.0671,763.119034
0.0672,764.2019881
0.0673,765.2864022
0.0674,766.3722757
0.0675,767.4596079
0.0676,768.5483981
0.0677,769.6386456
0.0678,770.7303498
0.0679,771.8235101
0.068,772.9181256
0.0681,774.0141958
0.0682,775.11172
0.0683,776.2106975
0.0684,777.3111276
0.0685,778.4130097
0.0686,779.516343
0.0687,780.6211269
0.0688,781.7273607
0.0689,782.8350438
0.069,783.9441753
0.0691,785.0547547
0.0692,786.1667813
0.0693,787.2802544
0.0694,788.3951733
0.0695,789.5115372
0.0696,790.6293456
0.0697,791.7485978
0.0698,792.8692929
0.0699,793.9914304
0.07,795.1150096
0.0701,796.2400297
0.0702,797.3664901
0.0703,798.4943901
0.0704,799.6237289
0.0705,800.754506
0.0706,801.8867205
0.0707,803.0203718
0.0708,804.1554592
0.0709,805.2919819
0.071,806.4299394
0.0711,807.5693308
0.0712,808.7101555
0.0713,809.8524128
0.0714,810.996102
0.0715,812.1412223
0.0716,813.2877731
0.0717,814.4357537
0.0718,815.5851633
0.0719,816.7360012
0.072,817.8882667
0.0721,819.0419592
0.0722,820.1970779
0.0723,821.353622
0.0724,822.5115909
0.0725,823.6709839
0.0726,824.8318003
0.0727,825.9940393
0.0728,827.1577002
0.0729,828.3227823
0.073,829.4892848
0.0731,830.6572071
0.0732,831.8265485
0.0733,832.9973082
0.0734,834.1694855
0.0735,835.3430796
0.0736,836.5180899
0.0737,837.6945156
0.0738,838.872356
0.0739,840.0516104
0.074,841.2322781
0.0741,842.4143582
0.0742,843.5978501
0.0743,844.7827531
0.0744,845.9690664
0.0745,847.1567893
0.0746,848.3459211
0.0747,849.536461
0.0748,850.7284083
0.0749,851.9217622
0.075,853.1165221
0.0751,854.3126871
0.0752,855.5102566
0.0753,856.7092298
0.0754,857.909606
0.0755,859.1113844
0.0756,860.3145643
0.0757,861.5191449
0.0758,862.7251255
0.0759,863.9325054
0.076,865.1412838
0.0761,866.35146
0.0762,867.5630331
0.0763,868.7760026
0.0764,869.9903676
0.0765,871.2061273
0.0766,872.4232811
0.0767,873.6418282
0.0768,874.8617677
0.0769,876.0830991
0.077,877.3058215
0.0771,878.5299341
0.0772,879.7554362
0.0773,880.9823271
0.0774,882.210606
0.0775,883.4402721
0.0776,884.6713247
0.0777,885.9037631
0.0778,887.1375863
0.0779,888.3727938
0.078,889.6093847
0.0781,890.8473583
0.0782,892.0867138
0.0783,893.3274505
0.0784,894.5695675
0.0785,895.8130641
0.0786,897.0579396
0.0787,898.3041932
0.0788,899.5518241
0.0789,900.8008315
0.079,902.0512147
0.0791,903.3029729
0.0792,904.5561053
0.0793,905.8106111
0.0794,907.0664897
0.0795,908.3237401
0.0796,909.5823617
0.0797,910.8423536
0.0798,912.1037152
0.0799,913.3664455
0.08,914.6305438
0.0801,915.8960094
0.0802,917.1628414
0.0803,918.4310391
0.0804,919.7006017
0.0805,920.9715284
0.0806,922.2438184
0.0807,923.517471
0.0808,924.7924853
0.0809,926.0688606
0.081,927.3465961
0.0811,928.625691
0.0812,929.9061445
0.0813,931.1879558
0.0814,932.4711242
0.0815,933.7556487
0.0816,935.0415287
0.0817,936.3287634
0.0818,937.6173519
0.0819,938.9072935
0.082,940.1985873
0.0821,941.4912326
0.0822,942.7852286
0.0823,944.0805744
0.0824,945.3772694
0.0825,946.6753126
0.0826,947.9747032
0.0827,949.2754406
0.0828,950.5775238
0.0829,951.880952
0.083,953.1857246
0.0831,954.4918406
0.0832,955.7992992
0.0833,957.1080997
0.0834,958.4182412
0.0835,959.729723
0.0836,961.0425441
0.0837,962.3567039
0.0838,963.6722015
0.0839,964.9890361
0.084,966.3072068
0.0841,967.6267129
0.0842,968.9475536
0.0843,970.2697279
0.0844,971.5932353
0.0845,972.9180747
0.0846,974.2442454
0.0847,975.5717465
0.0848,976.9005773
0.0849,978.230737
0.085,979.5622246
0.0851,980.8950394
0.0852,982.2291806
0.0853,983.5646473
0.0854,984.9014388
0.0855,986.2395541
0.0856,987.5789925
0.0857,988.9197532
0.0858,990.2618353
0.0859,991.6052379
0.086,992.9499603
0.0861,994.2960017
0.0862,995.6433611
0.0863,996.9920378
0.0864,998.3420309
0.0865,999.6933397
0.0866,1001.045963
0.0867,1002.399901
0.0868,1003.755151
0.0869,1005.111714
0.087,1006.469588
0.0871,1007.828773
0.0872,1009.189268
0.0873,1010.551071
0.0874,1011.914183
0.0875,1013.278601
0.0876,1014.644327
0.0877,1016.011357
0.0878,1017.379693
0.0879,1018.749332
0.088,1020.120274
0.0881,1021.492519
0.0882,1022.866064
0.0883,1024.240911
0.0884,1025.617057
0.0885,1026.994501
0.0886,1028.373244
0.0887,1029.753283
0.0888,1031.134619
0.0889,1032.517251
0.089,1033.901176
0.0891,1035.286396
0.0892,1036.672908
0.0893,1038.060712
0.0894,1039.449808
0.0895,1040.840193
0.0896,1042.231868
0.0897,1043.624832
0.0898,1045.019083
0.0899,1046.414621
0.09,1047.811445
0.0901,1049.209554
0.0902,1050.608947
0.0903,1052.009623
0.0904,1053.411582
0.0905,1054.814823
0.0906,1056.219345
0.0907,1057.625146
0.0908,1059.032226
0.0909,1060.440585
0.091,1061.850221
0.0911,1063.261133
0.0912,1064.673321
0.0913,1066.086783
0.0914,1067.50152
0.0915,1068.917529
0.0916,1070.33481
0.0917,1071.753363
0.0918,1073.173186
0.0919,1074.594278
0.092,1076.016639
0.0921,1077.440268
0.0922,1078.865163
0.0923,1080.291324
0.0924,1081.718751
0.0925,1083.147441
0.0926,1084.577395
0.0927,1086.008611
0.0928,1087.441089
0.0929,1088.874827
0.093,1090.309825
0.0931,1091.746082
0.0932,1093.183597
0.0933,1094.622369
0.0934,1096.062398
0.0935,1097.503681
0.0936,1098.94622
0.0937,1100.390011
0.0938,1101.835055
0.0939,1103.281351
0.094,1104.728898
0.0941,1106.177695
0.0942,1107.627741
0.0943,1109.079035
0.0944,1110.531577
0.0945,1111.985365
0.0946,1113.440398
0.0947,1114.896676
0.0948,1116.354197
0.0949,1117.812962
0.095,1119.272968
0.0951,1120.734216
0.0952,1122.196703
0.0953,1123.66043
0.0954,1125.125395
0.0955,1126.591597
0.0956,1128.059036
0.0957,1129.52771
0.0958,1130.99762
0.0959,1132.468762
0.096,1133.941138
0.0961,1135.414746
0.0962,1136.889585
0.0963,1138.365654
0.0964,1139.842952
0.0965,1141.321478
0.0966,1142.801232
0.0967,1144.282212
0.0968,1145.764418
0.0969,1147.247849
0.097,1148.732503
0.0971,1150.21838
0.0972,1151.705479
0.0973,1153.1938
0.0974,1154.68334
0.0975,1156.174099
0.0976,1157.666077
0.0977,1159.159272
0.0978,1160.653683
0.0979,1162.14931
0.098,1163.646151
0.0981,1165.144206
0.0982,1166.643474
0.0983,1168.143953
0.0984,1169.645643
0.0985,1171.148544
0.0986,1172.652653
0.0987,1174.15797
0.0988,1175.664495
0.0989,1177.172225
0.099,1178.681161
0.0991,1180.191302
0.0992,1181.702646
0.0993,1183.215192
0.0994,1184.72894
0.0995,1186.243888
0.0996,1187.760036
0.0997,1189.277383
0.0998,1190.795928
0.0999,1192.31567
0.1,1193.836607
0.1001,1195.35874
0.1002,1196.882067
0.1003,1198.406586
0.1004,1199.932298
0.1005,1201.459202
0.1006,1202.987295
0.1007,1204.516578
0.1008,1206.047049
0.1009,1207.578708
0.101,1209.111554
0.1011,1210.645585
0.1012,1212.1808
0.1013,1213.717199
0.1014,1215.254782
0.1015,1216.793545
0.1016,1218.33349
0.1017,1219.874615
0.1018,1221.416918
0.1019,1222.9604
0.102,1224.505058
0.1021,1226.050893
0.1022,1227.597903
0.1023,1229.146087
0.1024,1230.695444
0.1025,1232.245973
0.1026,1233.797674
0.1027,1235.350545
0.1028,1236.904586
0.1029,1238.459795
0.103,1240.016172
0.1031,1241.573715
0.1032,1243.132423
0.1033,1244.692296
0.1034,1246.253333
0.1035,1247.815533
0.1036,1249.378894
0.1037,1250.943416
0.1038,1252.509098
0.1039,1254.075938
0.104,1255.643937
0.1041,1257.213092
0.1042,1258.783403
0.1043,1260.35487
0.1044,1261.92749
0.1045,1263.501263
0.1046,1265.076188
0.1047,1266.652264
0.1048,1268.229491
0.1049,1269.807866
0.105,1271.38739
0.1051,1272.968061
0.1052,1274.549878
0.1053,1276.13284
0.1054,1277.716947
0.1055,1279.302196
0.1056,1280.888588
0.1057,1282.476122
0.1058,1284.064795
0.1059,1285.654608
0.106,1287.24556
0.1061,1288.837649
0.1062,1290.430874
0.1063,1292.025235
0.1064,1293.62073
0.1065,1295.217358
0.1066,1296.815119
0.1067,1298.414012
0.1068,1300.014035
0.1069,1301.615187
0.107,1303.217468
0.1071,1304.820877
0.1072,1306.425412
0.1073,1308.031073
0.1074,1309.637858
0.1075,1311.245767
0.1076,1312.854798
0.1077,1314.464951
0.1078,1316.076225
0.1079,1317.688618
0.108,1319.30213
0.1081,1320.91676
0.1082,1322.532506
0.1083,1324.149368
0.1084,1325.767344
0.1085,1327.386434
0.1086,1329.006637
0.1087,1330.627951
0.1088,1332.250376
0.1089,1333.87391
0.109,1335.498553
0.1091,1337.124304
0.1092,1338.751161
0.1093,1340.379124
0.1094,1342.008192
0.1095,1343.638363
0.1096,1345.269637
0.1097,1346.902013
0.1098,1348.535489
0.1099,1350.170064
0.11,1351.805738
0.1101,1353.44251
0.1102,1355.080379
0.1103,1356.719342
0.1104,1358.359401
0.1105,1360.000553
0.1106,1361.642797
0.1107,1363.286133
0.1108,1364.93056
0.1109,1366.576075
0.111,1368.22268
0.1111,1369.870372
0.1112,1371.51915
0.1113,1373.169013
0.1114,1374.819961
0.1115,1376.471993
0.1116,1378.125107
0.1117,1379.779302
0.1118,1381.434577
0.1119,1383.090932
0.112,1384.748365
0.1121,1386.406875
0.1122,1388.066461
0.1123,1389.727123
0.1124,1391.388859
0.1125,1393.051668
0.1126,1394.715549
0.1127,1396.380501
0.1128,1398.046523
0.1129,1399.713614
0.113,1401.381774
0.1131,1403.051
0.1132,1404.721292
0.1133,1406.392649
0.1134,1408.06507
0.1135,1409.738554
0.1136,1411.4131
0.1137,1413.088707
0.1138,1414.765373
0.1139,1416.443098
0.114,1418.121881
0.1141,1419.80172
0.1142,1421.482615
0.1143,1423.164565
0.1144,1424.847568
0.1145,1426.531624
0.1146,1428.216731
0.1147,1429.902889
0.1148,1431.590096
0.1149,1433.278351
0.115,1434.967654
0.1151,1436.658002
0.1152,1438.349397
0.1153,1440.041835
0.1154,1441.735316
0.1155,1443.42984
0.1156,1445.125405
0.1157,1446.822009
0.1158,1448.519653
0.1159,1450.218334
0.116,1451.918053
0.1161,1453.618807
0.1162,1455.320596
0.1163,1457.023418
0.1164,1458.727274
0.1165,1460.432161
0.1166,1462.138078
0.1167,1463.845025
0.1168,1465.553
0.1169,1467.262003
0.117,1468.972032
0.1171,1470.683087
0.1172,1472.395166
0.1173,1474.108268
0.1174,1475.822392
0.1175,1477.537537
0.1176,1479.253702
0.1177,1480.970886
0.1178,1482.689088
0.1179,1484.408307
0.118,1486.128541
0.1181,1487.84979
0.1182,1489.572053
0.1183,1491.295329
0.1184,1493.019616
0.1185,1494.744913
0.1186,1496.47122
0.1187,1498.198535
0.1188,1499.926858
0.1189,1501.656187
0.119,1503.38652
0.1191,1505.117858
0.1192,1506.850199
0.1193,1508.583542
0.1194,1510.317886
0.1195,1512.053229
0.1196,1513.789571
0.1197,1515.526911
0.1198,1517.265247
0.1199,1519.004579
0.12,1520.744906
0.1201,1522.486225
0.1202,1524.228537
0.1203,1525.97184
0.1204,1527.716134
0.1205,1529.461416
0.1206,1531.207686
0.1207,1532.954944
0.1208,1534.703187
0.1209,1536.452415
0.121,1538.202626
0.1211,1539.95382
0.1212,1541.705996
0.1213,1543.459152
0.1214,1545.213287
0.1215,1546.968401
0.1216,1548.724492
0.1217,1550.481559
0.1218,1552.2396
0.1219,1553.998616
0.122,1555.758605
0.1221,1557.519565
0.1222,1559.281497
0.1223,1561.044397
0.1224,1562.808266
0.1225,1564.573103
0.1226,1566.338906
0.1227,1568.105674
0.1228,1569.873407
0.1229,1571.642102
0.123,1573.411759
0.1231,1575.182377
0.1232,1576.953955
0.1233,1578.726492
0.1234,1580.499986
0.1235,1582.274437
0.1236,1584.049843
0.1237,1585.826204
0.1238,1587.603517
0.1239,1589.381783
0.124,1591.161
0.1241,1592.941167
0.1242,1594.722282
0.1243,1596.504346
0.1244,1598.287355
0.1245,1600.071311
0.1246,1601.856211
0.1247,1603.642054
0.1248,1605.428839
0.1249,1607.216566
0.125,1609.005232
0.1251,1610.794838
0.1252,1612.585381
0.1253,1614.376861
0.1254,1616.169277
0.1255,1617.962627
0.1256,1619.75691
0.1257,1621.552126
0.1258,1623.348273
0.1259,1625.14535
0.126,1626.943356
0.1261,1628.74229
0.1262,1630.54215
0.1263,1632.342936
0.1264,1634.144647
0.1265,1635.947281
0.1266,1637.750837
0.1267,1639.555315
0.1268,1641.360713
0.1269,1643.167029
0.127,1644.974264
0.1271,1646.782415
0.1272,1648.591481
0.1273,1650.401463
0.1274,1652.212357
0.1275,1654.024164
0.1276,1655.836882
0.1277,1657.65051
0.1278,1659.465047
0.1279,1661.280492
0.128,1663.096844
0.1281,1664.9141
0.1282,1666.732262
0.1283,1668.551327
0.1284,1670.371293
0.1285,1672.192161
0.1286,1674.013929
0.1287,1675.836596
0.1288,1677.66016
0.1289,1679.484621
0.129,1681.309978
0.1291,1683.136228
0.1292,1684.963372
0.1293,1686.791408
0.1294,1688.620335
0.1295,1690.450152
0.1296,1692.280857
0.1297,1694.11245
0.1298,1695.944929
0.1299,1697.778294
0.13,1699.612543
0.1301,1701.447675
0.1302,1703.283688
0.1303,1705.120583
0.1304,1706.958357
0.1305,1708.797009
0.1306,1710.636539
0.1307,1712.476945
0.1308,1714.318227
0.1309,1716.160382
0.131,1718.00341
0.1311,1719.847309
0.1312,1721.69208
0.1313,1723.537719
0.1314,1725.384227
0.1315,1727.231602
0.1316,1729.079843
0.1317,1730.928949
0.1318,1732.778919
0.1319,1734.629751
0.132,1736.481444
0.1321,1738.333998
0.1322,1740.187411
0.1323,1742.041682
0.1324,1743.89681
0.1325,1745.752793
0.1326,1747.609631
0.1327,1749.467323
0.1328,1751.325866
0.1329,1753.185261
0.133,1755.045506
0.1331,1756.9066
0.1332,1758.768541
0.1333,1760.631329
0.1334,1762.494962
0.1335,1764.35944
0.1336,1766.22476
0.1337,1768.090923
0.1338,1769.957926
0.1339,1771.825769
0.134,1773.69445
0.1341,1775.563969
0.1342,1777.434324
0.1343,1779.305514
0.1344,1781.177538
0.1345,1783.050394
0.1346,1784.924082
0.1347,1786.798601
0.1348,1788.673949
0.1349,1790.550124
0.135,1792.427127
0.1351,1794.304955
0.1352,1796.183609
0.1353,1798.063085
0.1354,1799.943384
0.1355,1801.824504
0.1356,1803.706444
0.1357,1805.589203
0.1358,1807.472779
0.1359,1809.357172
0.136,1811.24238
0.1361,1813.128403
0.1362,1815.015238
0.1363,1816.902885
0.1364,1818.791343
0.1365,1820.68061
0.1366,1822.570686
0.1367,1824.461569
0.1368,1826.353258
0.1369,1828.245752
0.137,1830.139049
0.1371,1832.033149
0.1372,1833.928051
0.1373,1835.823752
0.1374,1837.720252
0.1375,1839.617551
0.1376,1841.515646
0.1377,1843.414536
0.1378,1845.314221
0.1379,1847.214699
0.138,1849.115969
0.1381,1851.018029
0.1382,1852.92088
0.1383,1854.824519
0.1384,1856.728945
0.1385,1858.634157
0.1386,1860.540154
0.1387,1862.446935
0.1388,1864.354498
0.1389,1866.262843
0.139,1868.171968
0.1391,1870.081872
0.1392,1871.992554
0.1393,1873.904013
0.1394,1875.816247
0.1395,1877.729255
0.1396,1879.643037
0.1397,1881.557591
0.1398,1883.472915
0.1399,1885.389009
0.14,1887.305872
0.1401,1889.223501
0.1402,1891.141897
0.1403,1893.061058
0.1404,1894.980982
0.1405,1896.901669
0.1406,1898.823117
0.1407,1900.745325
0.1408,1902.668293
0.1409,1904.592018
0.141,1906.516499
0.1411,1908.441736
0.1412,1910.367727
0.1413,1912.294472
0.1414,1914.221968
0.1415,1916.150214
0.1416,1918.07921
0.1417,1920.008955
0.1418,1921.939446
0.1419,1923.870684
0.142,1925.802666
0.1421,1927.735391
0.1422,1929.668859
0.1423,1931.603068
0.1424,1933.538017
0.1425,1935.473705
0.1426,1937.41013
0.1427,1939.347291
0.1428,1941.285188
0.1429,1943.223818
0.143,1945.163182
0.1431,1947.103277
0.1432,1949.044102
0.1433,1950.985656
0.1434,1952.927939
0.1435,1954.870948
0.1436,1956.814682
0.1437,1958.759141
0.1438,1960.704324
0.1439,1962.650228
0.144,1964.596853
0.1441,1966.544197
0.1442,1968.49226
0.1443,1970.44104
0.1444,1972.390536
0.1445,1974.340747
0.1446,1976.291671
0.1447,1978.243308
0.1448,1980.195656
0.1449,1982.148714
0.145,1984.10248
0.1451,1986.056954
0.1452,1988.012135
0.1453,1989.96802
0.1454,1991.92461
0.1455,1993.881902
0.1456,1995.839896
0.1457,1997.798589
0.1458,1999.757982
0.1459,2001.718073
0.146,2003.678861
0.1461,2005.640344
0.1462,2007.602521
0.1463,2009.565392
0.1464,2011.528954
0.1465,2013.493207
0.1466,2015.458149
0.1467,2017.423779
0.1468,2019.390096
0.1469,2021.3571
0.147,2023.324787
0.1471,2025.293158
0.1472,2027.262211
0.1473,2029.231945
0.1474,2031.202359
0.1475,2033.173451
0.1476,2035.145221
0.1477,2037.117666
0.1478,2039.090787
0.1479,2041.064581
0.148,2043.039047
0.1481,2045.014185
0.1482,2046.989992
0.1483,2048.966469
0.1484,2050.943612
0.1485,2052.921422
0.1486,2054.899898
0.1487,2056.879037
0.1488,2058.858838
0.1489,2060.839302
0.149,2062.820425
0.1491,2064.802207
0.1492,2066.784647
0.1493,2068.767744
0.1494,2070.751496
0.1495,2072.735902
0.1496,2074.72096
0.1497,2076.706671
0.1498,2078.693032
0.1499,2080.680042
0.15,2082.6677
0.1501,2084.656005
0.1502,2086.644955
0.1503,2088.63455
0.1504,2090.624787
0.1505,2092.615667
0.1506,2094.607187
0.1507,2096.599346
0.1508,2098.592144
0.1509,2100.585578
0.151,2102.579648
0.1511,2104.574353
0.1512,2106.569691
0.1513,2108.565661
0.1514,2110.562261
0.1515,2112.559491
0.1516,2114.55735
0.1517,2116.555835
0.1518,2118.554946
0.1519,2120.554682
0.152,2122.555042
0.1521,2124.556023
0.1522,2126.557625
0.1523,2128.559847
0.1524,2130.562688
0.1525,2132.566145
0.1526,2134.570219
0.1527,2136.574907
0.1528,2138.580209
0.1529,2140.586123
0.153,2142.592648
0.1531,2144.599782
0.1532,2146.607526
0.1533,2148.615876
0.1534,2150.624833
0.1535,2152.634394
0.1536,2154.644559
0.1537,2156.655327
0.1538,2158.666695
0.1539,2160.678663
0.154,2162.69123
0.1541,2164.704395
0.1542,2166.718155
0.1543,2168.73251
0.1544,2170.747459
0.1545,2172.763001
0.1546,2174.779133
0.1547,2176.795856
0.1548,2178.813167
0.1549,2180.831065
0.155,2182.84955
0.1551,2184.86862
0.1552,2186.888273
0.1553,2188.908509
0.1554,2190.929326
0.1555,2192.950723
0.1556,2194.972699
0.1557,2196.995252
0.1558,2199.018381
0.1559,2201.042085
0.156,2203.066363
0.1561,2205.091214
0.1562,2207.116636
0.1563,2209.142627
0.1564,2211.169188
0.1565,2213.196315
0.1566,2215.22401
0.1567,2217.252269
0.1568,2219.281091
0.1569,2221.310477
0.157,2223.340423
0.1571,2225.370929
0.1572,2227.401995
0.1573,2229.433617
0.1574,2231.465796
0.1575,2233.49853
0.1576,2235.531817
0.1577,2237.565657
0.1578,2239.600048
0.1579,2241.634989
0.158,2243.670479
0.1581,2245.706516
0.1582,2247.743099
0.1583,2249.780227
0.1584,2251.817899
0.1585,2253.856113
0.1586,2255.894868
0.1587,2257.934163
0.1588,2259.973997
0.1589,2262.014369
0.159,2264.055276
0.1591,2266.096718
0.1592,2268.138694
0.1593,2270.181202
0.1594,2272.224241
0.1595,2274.26781
0.1596,2276.311907
0.1597,2278.356532
0.1598,2280.401683
0.1599,2282.447358
0.16,2284.493557
0.1601,2286.540279
0.1602,2288.587521
0.1603,2290.635283
0.1604,2292.683563
0.1605,2294.732361
0.1606,2296.781675
0.1607,2298.831503
0.1608,2300.881844
0.1609,2302.932698
0.161,2304.984063
0.1611,2307.035937
0.1612,2309.088319
0.1613,2311.141209
0.1614,2313.194604
0.1615,2315.248504
0.1616,2317.302908
0.1617,2319.357813
0.1618,2321.413219
0.1619,2323.469124
0.162,2325.525528
0.1621,2327.582428
0.1622,2329.639824
0.1623,2331.697715
0.1624,2333.756099
0.1625,2335.814974
0.1626,2337.87434
0.1627,2339.934196
0.1628,2341.994539
0.1629,2344.05537
0.163,2346.116685
0.1631,2348.178485
0.1632,2350.240768
0.1633,2352.303533
0.1634,2354.366778
0.1635,2356.430502
0.1636,2358.494704
0.1637,2360.559383
0.1638,2362.624537
0.1639,2364.690165
0.164,2366.756265
0.1641,2368.822837
0.1642,2370.88988
0.1643,2372.957391
0.1644,2375.02537
0.1645,2377.093816
0.1646,2379.162726
0.1647,2381.232101
0.1648,2383.301938
0.1649,2385.372236
0.165,2387.442994
0.1651,2389.514212
0.1652,2391.585886
0.1653,2393.658017
0.1654,2395.730602
0.1655,2397.803641
0.1656,2399.877133
0.1657,2401.951076
0.1658,2404.025468
0.1659,2406.100309
0.166,2408.175597
0.1661,2410.251331
0.1662,2412.32751
0.1663,2414.404132
0.1664,2416.481196
0.1665,2418.558701
0.1666,2420.636646
0.1667,2422.715029
0.1668,2424.793848
0.1669,2426.873104
0.167,2428.952794
0.1671,2431.032917
0.1672,2433.113472
0.1673,2435.194457
0.1674,2437.275872
0.1675,2439.357715
0.1676,2441.439984
0.1677,2443.522679
0.1678,2445.605798
0.1679,2447.68934
0.168,2449.773303
0.1681,2451.857687
0.1682,2453.94249
0.1683,2456.02771
0.1684,2458.113347
0.1685,2460.199399
0.1686,2462.285865
0.1687,2464.372743
0.1688,2466.460033
0.1689,2468.547733
0.169,2470.635841
0.1691,2472.724357
0.1692,2474.813279
0.1693,2476.902606
0.1694,2478.992336
0.1695,2481.082469
0.1696,2483.173002
0.1697,2485.263936
0.1698,2487.355267
0.1699,2489.446996
0.17,2491.539121
0.1701,2493.63164
0.1702,2495.724552
0.1703,2497.817856
0.1704,2499.911551
0.1705,2502.005635
0.1706,2504.100108
0.1707,2506.194967
0.1708,2508.290212
0.1709,2510.38584
0.171,2512.481852
0.1711,2514.578245
0.1712,2516.675019
0.1713,2518.772172
0.1714,2520.869702
0.1715,2522.967609
0.1716,2525.065891
0.1717,2527.164546
0.1718,2529.263575
0.1719,2531.362974
0.172,2533.462744
0.1721,2535.562882
0.1722,2537.663387
0.1723,2539.764259
0.1724,2541.865495
0.1725,2543.967095
0.1726,2546.069057
0.1727,2548.17138
0.1728,2550.274063
0.1729,2552.377104
0.173,2554.480501
0.1731,2556.584255
0.1732,2558.688363
0.1733,2560.792824
0.1734,2562.897637
0.1735,2565.0028
0.1736,2567.108313
0.1737,2569.214173
0.1738,2571.32038
0.1739,2573.426932
0.174,2575.533829
0.1741,2577.641068
0.1742,2579.748648
0.1743,2581.856569
0.1744,2583.964828
0.1745,2586.073425
0.1746,2588.182358
0.1747,2590.291626
0.1748,2592.401228
0.1749,2594.511162
0.175,2596.621427
0.1751,2598.732022
0.1752,2600.842945
0.1753,2602.954195
0.1754,2605.065771
0.1755,2607.177671
0.1756,2609.289895
0.1757,2611.40244
0.1758,2613.515307
0.1759,2615.628492
0.176,2617.741995
0.1761,2619.855815
0.1762,2621.969951
0.1763,2624.0844
0.1764,2626.199162
0.1765,2628.314236
0.1766,2630.42962
0.1767,2632.545313
0.1768,2634.661313
0.1769,2636.777619
0.177,2638.894231
0.1771,2641.011146
0.1772,2643.128363
0.1773,2645.245882
0.1774,2647.3637
0.1775,2649.481816
0.1776,2651.60023
0.1777,2653.718939
0.1778,2655.837943
0.1779,2657.95724
0.178,2660.076829
0.1781,2662.196708
0.1782,2664.316877
0.1783,2666.437334
0.1784,2668.558077
0.1785,2670.679106
0.1786,2672.800418
0.1787,2674.922014
0.1788,2677.04389
0.1789,2679.166047
0.179,2681.288483
0.1791,2683.411196
0.1792,2685.534185
0.1793,2687.65745
0.1794,2689.780987
0.1795,2691.904797
0.1796,2694.028878
0.1797,2696.153228
0.1798,2698.277847
0.1799,2700.402733
0.18,2702.527884
0.1801,2704.6533
0.1802,2706.778979
0.1803,2708.90492
0.1804,2711.031121
0.1805,2713.157581
0.1806,2715.284299
0.1807,2717.411274
0.1808,2719.538503
0.1809,2721.665987
0.181,2723.793723
0.1811,2725.921711
0.1812,2728.049948
0.1813,2730.178434
0.1814,2732.307167
0.1815,2734.436147
0.1816,2736.565371
0.1817,2738.694838
0.1818,2740.824548
0.1819,2742.954498
0.182,2745.084687
0.1821,2747.215115
0.1822,2749.34578
0.1823,2751.47668
0.1824,2753.607814
0.1825,2755.739181
0.1826,2757.87078
0.1827,2760.002609
0.1828,2762.134667
0.1829,2764.266952
0.183,2766.399464
0.1831,2768.532201
0.1832,2770.665161
0.1833,2772.798344
0.1834,2774.931747
0.1835,2777.065371
0.1836,2779.199213
0.1837,2781.333272
0.1838,2783.467546
0.1839,2785.602036
0.184,2787.736738
0.1841,2789.871652
0.1842,2792.006776
0.1843,2794.14211
0.1844,2796.277652
0.1845,2798.4134
0.1846,2800.549353
0.1847,2802.685511
0.1848,2804.821871
0.1849,2806.958432
0.185,2809.095193
0.1851,2811.232153
0.1852,2813.36931
0.1853,2815.506663
0.1854,2817.644211
0.1855,2819.781952
0.1856,2821.919885
0.1857,2824.058009
0.1858,2826.196322
0.1859,2828.334824
0.186,2830.473512
0.1861,2832.612385
0.1862,2834.751443
0.1863,2836.890684
0.1864,2839.030106
0.1865,2841.169708
0.1866,2843.309489
0.1867,2845.449448
0.1868,2847.589582
0.1869,2849.729892
0.187,2851.870376
0.1871,2854.011031
0.1872,2856.151858
0.1873,2858.292854
0.1874,2860.434018
0.1875,2862.575349
0.1876,2864.716846
0.1877,2866.858508
0.1878,2869.000332
0.1879,2871.142318
0.188,2873.284464
0.1881,2875.42677
0.1882,2877.569233
0.1883,2879.711853
0.1884,2881.854627
0.1885,2883.997556
0.1886,2886.140636
0.1887,2888.283868
0.1888,2890.42725
0.1889,2892.57078
0.189,2894.714458
0.1891,2896.858281
0.1892,2899.002249
0.1893,2901.146359
0.1894,2903.290612
0.1895,2905.435005
0.1896,2907.579538
0.1897,2909.724208
0.1898,2911.869015
0.1899,2914.013957
0.19,2916.159033
0.1901,2918.304242
0.1902,2920.449582
0.1903,2922.595052
0.1904,2924.74065
0.1905,2926.886376
0.1906,2929.032228
0.1907,2931.178204
0.1908,2933.324304
0.1909,2935.470526
0.191,2937.616868
0.1911,2939.76333
0.1912,2941.90991
0.1913,2944.056607
0.1914,2946.203419
0.1915,2948.350345
0.1916,2950.497383
0.1917,2952.644533
0.1918,2954.791794
0.1919,2956.939163
0.192,2959.086639
0.1921,2961.234222
0.1922,2963.381909
0.1923,2965.5297
0.1924,2967.677593
0.1925,2969.825587
0.1926,2971.97368
0.1927,2974.121872
0.1928,2976.27016
0.1929,2978.418544
0.193,2980.567022
0.1931,2982.715593
0.1932,2984.864255
0.1933,2987.013008
0.1934,2989.161849
0.1935,2991.310778
0.1936,2993.459794
0.1937,2995.608894
0.1938,2997.758078
0.1939,2999.907344
0.194,3002.056691
0.1941,3004.206117
0.1942,3006.355622
0.1943,3008.505204
0.1944,3010.654862
0.1945,3012.804594
0.1946,3014.954398
0.1947,3017.104275
0.1948,3019.254222
0.1949,3021.404237
0.195,3023.554321
0.1951,3025.704471
0.1952,3027.854685
0.1953,3030.004964
0.1954,3032.155305
0.1955,3034.305707
0.1956,3036.456168
0.1957,3038.606688
0.1958,3040.757266
0.1959,3042.907898
0.196,3045.058586
0.1961,3047.209326
0.1962,3049.360118
0.1963,3051.510961
0.1964,3053.661852
0.1965,3055.812792
0.1966,3057.963778
0.1967,3060.114809
0.1968,3062.265883
0.1969,3064.417001
0.197,3066.568159
0.1971,3068.719357
0.1972,3070.870594
0.1973,3073.021868
0.1974,3075.173177
0.1975,3077.324522
0.1976,3079.475899
0.1977,3081.627308
0.1978,3083.778748
0.1979,3085.930217
0.198,3088.081714
0.1981,3090.233237
0.1982,3092.384786
0.1983,3094.536358
0.1984,3096.687953
0.1985,3098.83957
0.1986,3100.991206
0.1987,3103.142861
0.1988,3105.294533
0.1989,3107.446221
0.199,3109.597923
0.1991,3111.749639
0.1992,3113.901367
0.1993,3116.053105
0.1994,3118.204853
0.1995,3120.356609
0.1996,3122.508371
0.1997,3124.660138
0.1998,3126.81191
0.1999,3128.963684
0.2,3131.11546
0.2001,3133.267235
0.2002,3135.41901
0.2003,3137.570781
0.2004,3139.722549
0.2005,3141.874311
0.2006,3144.026067
0.2007,3146.177815
0.2008,3148.329553
0.2009,3150.481281
0.201,3152.632997
0.2011,3154.784699
0.2012,3156.936387
0.2013,3159.088059
0.2014,3161.239714
0.2015,3163.39135
0.2016,3165.542966
0.2017,3167.694561
0.2018,3169.846134
0.2019,3171.997683
0.202,3174.149206
0.2021,3176.300703
0.2022,3178.452172
0.2023,3180.603612
0.2024,3182.755021
0.2025,3184.906398
0.2026,3187.057742
0.2027,3189.209052
0.2028,3191.360326
0.2029,3193.511563
0.203,3195.662761
0.2031,3197.813919
0.2032,3199.965036
0.2033,3202.116111
0.2034,3204.267142
0.2035,3206.418128
0.2036,3208.569067
0.2037,3210.719959
0.2038,3212.870802
0.2039,3215.021594
0.204,3217.172334
0.2041,3219.323021
0.2042,3221.473654
0.2043,3223.624231
0.2044,3225.774751
0.2045,3227.925213
0.2046,3230.075615
0.2047,3232.225956
0.2048,3234.376234
0.2049,3236.526449
0.205,3238.676599
0.2051,3240.826682
0.2052,3242.976698
0.2053,3245.126645
0.2054,3247.276521
0.2055,3249.426326
0.2056,3251.576058
0.2057,3253.725716
0.2058,3255.875297
0.2059,3258.024802
0.206,3260.174229
0.2061,3262.323576
0.2062,3264.472842
0.2063,3266.622026
0.2064,3268.771126
0.2065,3270.920141
0.2066,3273.069071
0.2067,3275.217912
0.2068,3277.366665
0.2069,3279.515327
0.207,3281.663898
0.2071,3283.812376
0.2072,3285.96076
0.2073,3288.109048
0.2074,3290.25724
0.2075,3292.405333
0.2076,3294.553327
0.2077,3296.70122
0.2078,3298.849011
0.2079,3300.996698
0.208,3303.144281
0.2081,3305.291757
0.2082,3307.439126
0.2083,3309.586386
0.2084,3311.733536
0.2085,3313.880575
0.2086,3316.027501
0.2087,3318.174313
0.2088,3320.32101
0.2089,3322.46759
0.209,3324.614051
0.2091,3326.760394
0.2092,3328.906616
0.2093,3331.052716
0.2094,3333.198692
0.2095,3335.344544
0.2096,3337.49027
0.2097,3339.635868
0.2098,3341.781338
0.2099,3343.926678
0.21,3346.071887
0.2101,3348.216963
0.2102,3350.361905
0.2103,3352.506712
0.2104,3354.651382
0.2105,3356.795914
0.2106,3358.940308
0.2107,3361.08456
0.2108,3363.228671
0.2109,3365.372639
0.211,3367.516462
0.2111,3369.660139
0.2112,3371.80367
0.2113,3373.947051
0.2114,3376.090283
0.2115,3378.233364
0.2116,3380.376292
0.2117,3382.519067
0.2118,3384.661687
0.2119,3386.80415
0.212,3388.946455
0.2121,3391.088602
0.2122,3393.230588
0.2123,3395.372412
0.2124,3397.514073
0.2125,3399.65557
0.2126,3401.796902
0.2127,3403.938066
0.2128,3406.079062
0.2129,3408.219889
0.213,3410.360544
0.2131,3412.501028
0.2132,3414.641337
0.2133,3416.781472
0.2134,3418.921431
0.2135,3421.061212
0.2136,3423.200814
0.2137,3425.340236
0.2138,3427.479477
0.2139,3429.618534
0.214,3431.757408
0.2141,3433.896096
0.2142,3436.034598
0.2143,3438.172911
0.2144,3440.311035
0.2145,3442.448968
0.2146,3444.586709
0.2147,3446.724257
0.2148,3448.86161
0.2149,3450.998767
0.215,3453.135727
0.2151,3455.272488
0.2152,3457.409049
0.2153,3459.545409
0.2154,3461.681566
0.2155,3463.81752
0.2156,3465.953268
0.2157,3468.08881
0.2158,3470.224143
0.2159,3472.359268
0.216,3474.494182
0.2161,3476.628884
0.2162,3478.763373
0.2163,3480.897648
0.2164,3483.031707
0.2165,3485.165549
0.2166,3487.299172
0.2167,3489.432576
0.2168,3491.565759
0.2169,3493.698719
0.217,3495.831456
0.2171,3497.963968
0.2172,3500.096253
0.2173,3502.228311
0.2174,3504.36014
0.2175,3506.491738
0.2176,3508.623106
0.2177,3510.75424
0.2178,3512.88514
0.2179,3515.015805
0.218,3517.146232
0.2181,3519.276422
0.2182,3521.406372
0.2183,3523.536082
0.2184,3525.665549
0.2185,3527.794773
0.2186,3529.923752
0.2187,3532.052486
0.2188,3534.180972
0.2189,3536.309209
0.219,3538.437197
0.2191,3540.564933
0.2192,3542.692416
0.2193,3544.819646
0.2194,3546.946621
0.2195,3549.073339
0.2196,3551.199799
0.2197,3553.326
0.2198,3555.451941
0.2199,3557.57762
0.22,3559.703035
0.2201,3561.828187
0.2202,3563.953073
0.2203,3566.077691
0.2204,3568.202042
0.2205,3570.326123
0.2206,3572.449933
0.2207,3574.57347
0.2208,3576.696734
0.2209,3578.819724
0.221,3580.942437
0.2211,3583.064872
0.2212,3585.187029
0.2213,3587.308906
0.2214,3589.430501
0.2215,3591.551814
0.2216,3593.672843
0.2217,3595.793586
0.2218,3597.914043
0.2219,3600.034211
0.222,3602.154091
0.2221,3604.27368
0.2222,3606.392977
0.2223,3608.511981
0.2224,3610.63069
0.2225,3612.749104
0.2226,3614.86722
0.2227,3616.985038
0.2228,3619.102556
0.2229,3621.219774
0.223,3623.336689
0.2231,3625.4533
0.2232,3627.569607
0.2233,3629.685607
0.2234,3631.8013
0.2235,3633.916684
0.2236,3636.031757
0.2237,3638.14652
0.2238,3640.260969
0.2239,3642.375104
0.224,3644.488925
0.2241,3646.602428
0.2242,3648.715613
0.2243,3650.828479
0.2244,3652.941025
0.2245,3655.053249
0.2246,3657.165149
0.2247,3659.276725
0.2248,3661.387975
0.2249,3663.498898
0.225,3665.609493
0.2251,3667.719758
0.2252,3669.829692
0.2253,3671.939293
0.2254,3674.048561
0.2255,3676.157495
0.2256,3678.266091
0.2257,3680.374351
0.2258,3682.482271
0.2259,3684.589852
0.226,3686.697091
0.2261,3688.803987
0.2262,3690.91054
0.2263,3693.016747
0.2264,3695.122607
0.2265,3697.22812
0.2266,3699.333283
0.2267,3701.438096
0.2268,3703.542557
0.2269,3705.646665
0.227,3707.750418
0.2271,3709.853816
0.2272,3711.956857
0.2273,3714.059539
0.2274,3716.161862
0.2275,3718.263824
0.2276,3720.365424
0.2277,3722.466661
0.2278,3724.567532
0.2279,3726.668038
0.228,3728.768176
0.2281,3730.867946
0.2282,3732.967345
0.2283,3735.066373
0.2284,3737.165029
0.2285,3739.263311
0.2286,3741.361218
0.2287,3743.458748
0.2288,3745.555901
0.2289,3747.652674
0.229,3749.749068
0.2291,3751.845079
0.2292,3753.940708
0.2293,3756.035953
0.2294,3758.130812
0.2295,3760.225284
0.2296,3762.319369
0.2297,3764.413064
0.2298,3766.506368
0.2299,3768.59928
0.23,3770.691799
0.2301,3772.783924
0.2302,3774.875653
0.2303,3776.966984
0.2304,3779.057917
0.2305,3781.148451
0.2306,3783.238584
0.2307,3785.328314
0.2308,3787.417641
0.2309,3789.506563
0.231,3791.595079
0.2311,3793.683187
0.2312,3795.770887
0.2313,3797.858176
0.2314,3799.945055
0.2315,3802.031521
0.2316,3804.117573
0.2317,3806.20321
0.2318,3808.28843
0.2319,3810.373233
0.232,3812.457616
0.2321,3814.54158
0.2322,3816.625122
0.2323,3818.708241
0.2324,3820.790936
0.2325,3822.873205
0.2326,3824.955048
0.2327,3827.036463
0.2328,3829.117448
0.2329,3831.198003
0.233,3833.278126
0.2331,3835.357816
0.2332,3837.437071
0.2333,3839.515891
0.2334,3841.594274
0.2335,3843.672219
0.2336,3845.749724
0.2337,3847.826788
0.2338,3849.90341
0.2339,3851.979589
0.234,3854.055323
0.2341,3856.130611
0.2342,3858.205452
0.2343,3860.279844
0.2344,3862.353787
0.2345,3864.427278
0.2346,3866.500318
0.2347,3868.572903
0.2348,3870.645034
0.2349,3872.716708
0.235,3874.787925
0.2351,3876.858684
0.2352,3878.928982
0.2353,3880.998819
0.2354,3883.068193
0.2355,3885.137104
0.2356,3887.205549
0.2357,3889.273528
0.2358,3891.34104
0.2359,3893.408082
0.236,3895.474655
0.2361,3897.540755
0.2362,3899.606383
0.2363,3901.671537
0.2364,3903.736216
0.2365,3905.800418
0.2366,3907.864142
0.2367,3909.927387
0.2368,3911.990152
0.2369,3914.052435
0.237,3916.114234
0.2371,3918.17555
0.2372,3920.23638
0.2373,3922.296724
0.2374,3924.356579
0.2375,3926.415946
0.2376,3928.474821
0.2377,3930.533205
0.2378,3932.591095
0.2379,3934.648492
0.238,3936.705392
0.2381,3938.761796
0.2382,3940.817701
0.2383,3942.873107
0.2384,3944.928012
0.2385,3946.982415
0.2386,3949.036315
0.2387,3951.089711
0.2388,3953.1426
0.2389,3955.194983
0.239,3957.246857
0.2391,3959.298222
0.2392,3961.349075
0.2393,3963.399417
0.2394,3965.449245
0.2395,3967.498559
0.2396,3969.547356
0.2397,3971.595637
0.2398,3973.643399
0.2399,3975.690641
0.24,3977.737362
0.2401,3979.783561
0.2402,3981.829237
0.2403,3983.874388
0.2404,3985.919012
0.2405,3987.96311
0.2406,3990.006679
0.2407,3992.049718
0.2408,3994.092226
0.2409,3996.134202
0.241,3998.175644
0.2411,4000.216551
0.2412,4002.256922
0.2413,4004.296756
0.2414,4006.336051
0.2415,4008.374807
0.2416,4010.413021
0.2417,4012.450693
0.2418,4014.487821
0.2419,4016.524404
0.242,4018.560441
0.2421,4020.595931
0.2422,4022.630872
0.2423,4024.665263
0.2424,4026.699103
0.2425,4028.73239
0.2426,4030.765124
0.2427,4032.797303
0.2428,4034.828925
0.2429,4036.85999
0.243,4038.890497
0.2431,4040.920443
0.2432,4042.949828
0.2433,4044.978651
0.2434,4047.00691
0.2435,4049.034604
0.2436,4051.061732
0.2437,4053.088293
0.2438,4055.114284
0.2439,4057.139706
0.244,4059.164556
0.2441,4061.188834
0.2442,4063.212539
0.2443,4065.235668
0.2444,4067.258221
0.2445,4069.280197
0.2446,4071.301594
0.2447,4073.322411
0.2448,4075.342647
0.2449,4077.3623
0.245,4079.38137
0.2451,4081.399854
0.2452,4083.417753
0.2453,4085.435064
0.2454,4087.451787
0.2455,4089.467919
0.2456,4091.48346
0.2457,4093.498409
0.2458,4095.512765
0.2459,4097.526525
0.246,4099.539689
0.2461,4101.552256
0.2462,4103.564225
0.2463,4105.575593
0.2464,4107.58636
0.2465,4109.596525
0.2466,4111.606087
0.2467,4113.615044
0.2468,4115.623394
0.2469,4117.631137
0.247,4119.638272
0.2471,4121.644797
0.2472,4123.650711
0.2473,4125.656013
0.2474,4127.660701
0.2475,4129.664775
0.2476,4131.668232
0.2477,4133.671073
0.2478,4135.673295
0.2479,4137.674897
0.248,4139.675878
0.2481,4141.676237
0.2482,4143.675973
0.2483,4145.675085
0.2484,4147.67357
0.2485,4149.671429
0.2486,4151.668659
0.2487,4153.665259
0.2488,4155.661229
0.2489,4157.656567
0.249,4159.651271
0.2491,4161.645342
0.2492,4163.638776
0.2493,4165.631574
0.2494,4167.623733
0.2495,4169.615253
0.2496,4171.606133
0.2497,4173.59637
0.2498,4175.585965
0.2499,4177.574915
0.25,4179.56322
0.2501,4181.550878
0.2502,4183.537888
0.2503,4185.524249
0.2504,4187.509959
0.2505,4189.495018
0.2506,4191.479424
0.2507,4193.463176
0.2508,4195.446273
0.2509,4197.428713
0.251,4199.410495
0.2511,4201.391618
0.2512,4203.372081
0.2513,4205.351883
0.2514,4207.331022
0.2515,4209.309497
0.2516,4211.287307
0.2517,4213.264451
0.2518,4215.240927
0.2519,4217.216735
0.252,4219.191873
0.2521,4221.166339
0.2522,4223.140133
0.2523,4225.113253
0.2524,4227.085699
0.2525,4229.057468
0.2526,4231.028561
0.2527,4232.998974
0.2528,4234.968708
0.2529,4236.937762
0.253,4238.906133
0.2531,4240.87382
0.2532,4242.840823
0.2533,4244.807141
0.2534,4246.772771
0.2535,4248.737713
0.2536,4250.701966
0.2537,4252.665528
0.2538,4254.628398
0.2539,4256.590576
0.254,4258.552059
0.2541,4260.512846
0.2542,4262.472937
0.2543,4264.43233
0.2544,4266.391024
0.2545,4268.349018
0.2546,4270.30631
0.2547,4272.262899
0.2548,4274.218785
0.2549,4276.173965
0.255,4278.128439
0.2551,4280.082206
0.2552,4282.035264
0.2553,4283.987612
0.2554,4285.939248
0.2555,4287.890173
0.2556,4289.840383
0.2557,4291.789879
0.2558,4293.738659
0.2559,4295.686722
0.256,4297.634067
0.2561,4299.580692
0.2562,4301.526596
0.2563,4303.471778
0.2564,4305.416237
0.2565,4307.359972
0.2566,4309.302981
0.2567,4311.245264
0.2568,4313.186818
0.2569,4315.127643
0.257,4317.067738
0.2571,4319.007101
0.2572,4320.945732
0.2573,4322.883629
0.2574,4324.82079
0.2575,4326.757215
0.2576,4328.692903
0.2577,4330.627852
0.2578,4332.562061
0.2579,4334.495528
0.258,4336.428254
0.2581,4338.360236
0.2582,4340.291473
0.2583,4342.221965
0.2584,4344.151709
0.2585,4346.080705
0.2586,4348.008952
0.2587,4349.936448
0.2588,4351.863192
0.2589,4353.789184
0.259,4355.714421
0.2591,4357.638902
0.2592,4359.562627
0.2593,4361.485595
0.2594,4363.407803
0.2595,4365.329251
0.2596,4367.249938
0.2597,4369.169862
0.2598,4371.089023
0.2599,4373.007419
0.26,4374.925048
0.2601,4376.841911
0.2602,4378.758005
0.2603,4380.673329
0.2604,4382.587883
0.2605,4384.501664
0.2606,4386.414673
0.2607,4388.326907
0.2608,4390.238366
0.2609,4392.149048
0.261,4394.058952
0.2611,4395.968077
0.2612,4397.876422
0.2613,4399.783985
0.2614,4401.690766
0.2615,4403.596763
0.2616,4405.501975
0.2617,4407.406401
0.2618,4409.31004
0.2619,4411.21289
0.262,4413.114951
0.2621,4415.016221
0.2622,4416.916699
0.2623,4418.816384
0.2624,4420.715274
0.2625,4422.613369
0.2626,4424.510667
0.2627,4426.407168
0.2628,4428.302869
0.2629,4430.197771
0.263,4432.09187
0.2631,4433.985168
0.2632,4435.877662
0.2633,4437.769351
0.2634,4439.660234
0.2635,4441.550309
0.2636,4443.439577
0.2637,4445.328035
0.2638,4447.215682
0.2639,4449.102517
0.264,4450.98854
0.2641,4452.873748
0.2642,4454.758141
0.2643,4456.641717
0.2644,4458.524476
0.2645,4460.406416
0.2646,4462.287536
0.2647,4464.167835
0.2648,4466.047311
0.2649,4467.925964
0.265,4469.803793
0.2651,4471.680795
0.2652,4473.556971
0.2653,4475.432319
0.2654,4477.306837
0.2655,4479.180525
0.2656,4481.053382
0.2657,4482.925406
0.2658,4484.796596
0.2659,4486.666951
0.266,4488.536469
0.2661,4490.405151
0.2662,4492.272994
0.2663,4494.139997
0.2664,4496.006159
0.2665,4497.87148
0.2666,4499.735958
0.2667,4501.599591
0.2668,4503.462379
0.2669,4505.32432
0.267,4507.185414
0.2671,4509.045659
0.2672,4510.905053
0.2673,4512.763597
0.2674,4514.621289
0.2675,4516.478127
0.2676,4518.33411
0.2677,4520.189238
0.2678,4522.043509
0.2679,4523.896922
0.268,4525.749476
0.2681,4527.601169
0.2682,4529.452001
0.2683,4531.301971
0.2684,4533.151077
0.2685,4534.999318
0.2686,4536.846693
0.2687,4538.6932
0.2688,4540.53884
0.2689,4542.38361
0.269,4544.22751
0.2691,4546.070538
0.2692,4547.912693
0.2693,4549.753974
0.2694,4551.59438
0.2695,4553.43391
0.2696,4555.272563
0.2697,4557.110337
0.2698,4558.947231
0.2699,4560.783245
0.27,4562.618377
0.2701,4564.452626
0.2702,4566.28599
0.2703,4568.11847
0.2704,4569.950063
0.2705,4571.780768
0.2706,4573.610585
0.2707,4575.439511
0.2708,4577.267547
0.2709,4579.094691
0.271,4580.920942
0.2711,4582.746298
0.2712,4584.570759
0.2713,4586.394324
0.2714,4588.21699
0.2715,4590.038758
0.2716,4591.859626
0.2717,4593.679593
0.2718,4595.498658
0.2719,4597.316819
0.272,4599.134076
0.2721,4600.950428
0.2722,4602.765872
0.2723,4604.580409
0.2724,4606.394037
0.2725,4608.206756
0.2726,4610.018562
0.2727,4611.829457
0.2728,4613.639438
0.2729,4615.448505
0.273,4617.256656
0.2731,4619.063891
0.2732,4620.870207
0.2733,4622.675605
0.2734,4624.480082
0.2735,4626.283639
0.2736,4628.086273
0.2737,4629.887984
0.2738,4631.68877
0.2739,4633.48863
0.274,4635.287564
0.2741,4637.08557
0.2742,4638.882647
0.2743,4640.678794
0.2744,4642.47401
0.2745,4644.268293
0.2746,4646.061643
0.2747,4647.854059
0.2748,4649.645539
0.2749,4651.436082
0.275,4653.225687
0.2751,4655.014354
0.2752,4656.80208
0.2753,4658.588866
0.2754,4660.374709
0.2755,4662.159609
0.2756,4663.943564
0.2757,4665.726574
0.2758,4667.508637
0.2759,4669.289753
0.276,4671.06992
0.2761,4672.849137
0.2762,4674.627402
0.2763,4676.404716
0.2764,4678.181077
0.2765,4679.956483
0.2766,4681.730933
0.2767,4683.504428
0.2768,4685.276964
0.2769,4687.048542
0.277,4688.819161
0.2771,4690.588818
0.2772,4692.357513
0.2773,4694.125246
0.2774,4695.892014
0.2775,4697.657817
0.2776,4699.422653
0.2777,4701.186523
0.2778,4702.949423
0.2779,4704.711354
0.278,4706.472315
0.2781,4708.232303
0.2782,4709.991319
0.2783,4711.749361
0.2784,4713.506428
0.2785,4715.262519
0.2786,4717.017633
0.2787,4718.771768
0.2788,4720.524924
0.2789,4722.2771
0.279,4724.028294
0.2791,4725.778505
0.2792,4727.527733
0.2793,4729.275976
0.2794,4731.023233
0.2795,4732.769504
0.2796,4734.514786
0.2797,4736.259079
0.2798,4738.002382
0.2799,4739.744694
0.28,4741.486014
0.2801,4743.22634
0.2802,4744.965672
0.2803,4746.704009
0.2804,4748.441349
0.2805,4750.177691
0.2806,4751.913034
0.2807,4753.647378
0.2808,4755.380721
0.2809,4757.113061
0.281,4758.844399
0.2811,4760.574733
0.2812,4762.304062
0.2813,4764.032384
0.2814,4765.7597
0.2815,4767.486006
0.2816,4769.211304
0.2817,4770.935591
0.2818,4772.658866
0.2819,4774.381129
0.282,4776.102379
0.2821,4777.822613
0.2822,4779.541832
0.2823,4781.260034
0.2824,4782.977218
0.2825,4784.693383
0.2826,4786.408528
0.2827,4788.122652
0.2828,4789.835754
0.2829,4791.547833
0.283,4793.258887
0.2831,4794.968916
0.2832,4796.677919
0.2833,4798.385895
0.2834,4800.092842
0.2835,4801.798759
0.2836,4803.503646
0.2837,4805.207501
0.2838,4806.910324
0.2839,4808.612113
0.284,4810.312867
0.2841,4812.012585
0.2842,4813.711267
0.2843,4815.408911
0.2844,4817.105515
0.2845,4818.80108
0.2846,4820.495603
0.2847,4822.189085
0.2848,4823.881523
0.2849,4825.572917
0.285,4827.263266
0.2851,4828.952569
0.2852,4830.640824
0.2853,4832.328031
0.2854,4834.014189
0.2855,4835.699296
0.2856,4837.383352
0.2857,4839.066355
0.2858,4840.748304
0.2859,4842.429199
0.286,4844.109039
0.2861,4845.787822
0.2862,4847.465547
0.2863,4849.142213
0.2864,4850.81782
0.2865,4852.492365
0.2866,4854.165849
0.2867,4855.83827
0.2868,4857.509628
0.2869,4859.17992
0.287,4860.849146
0.2871,4862.517305
0.2872,4864.184397
0.2873,4865.850419
0.2874,4867.515371
0.2875,4869.179252
0.2876,4870.842061
0.2877,4872.503797
0.2878,4874.164458
0.2879,4875.824045
0.288,4877.482555
0.2881,4879.139988
0.2882,4880.796343
0.2883,4882.451618
0.2884,4884.105813
0.2885,4885.758927
0.2886,4887.410958
0.2887,4889.061906
0.2888,4890.71177
0.2889,4892.360548
0.289,4894.00824
0.2891,4895.654844
0.2892,4897.30036
0.2893,4898.944787
0.2894,4900.588123
0.2895,4902.230367
0.2896,4903.871519
0.2897,4905.511577
0.2898,4907.150541
0.2899,4908.78841
0.29,4910.425181
0.2901,4912.060856
0.2902,4913.695431
0.2903,4915.328907
0.2904,4916.961283
0.2905,4918.592556
0.2906,4920.222728
0.2907,4921.851795
0.2908,4923.479758
0.2909,4925.106616
0.291,4926.732366
0.2911,4928.35701
0.2912,4929.980544
0.2913,4931.602969
0.2914,4933.224283
0.2915,4934.844486
0.2916,4936.463576
0.2917,4938.081552
0.2918,4939.698414
0.2919,4941.31416
0.292,4942.92879
0.2921,4944.542301
0.2922,4946.154695
0.2923,4947.765968
0.2924,4949.376121
0.2925,4950.985153
0.2926,4952.593062
0.2927,4954.199847
0.2928,4955.805508
0.2929,4957.410043
0.293,4959.013451
0.2931,4960.615732
0.2932,4962.216885
0.2933,4963.816908
0.2934,4965.415801
0.2935,4967.013562
0.2936,4968.61019
0.2937,4970.205685
0.2938,4971.800046
0.2939,4973.393271
0.294,4974.98536
0.2941,4976.576311
0.2942,4978.166124
0.2943,4979.754798
0.2944,4981.342331
0.2945,4982.928723
0.2946,4984.513973
0.2947,4986.09808
0.2948,4987.681042
0.2949,4989.262859
0.295,4990.84353
0.2951,4992.423053
0.2952,4994.001429
0.2953,4995.578655
0.2954,4997.154732
0.2955,4998.729657
0.2956,5000.30343
0.2957,5001.87605
0.2958,5003.447516
0.2959,5005.017828
0.296,5006.586983
0.2961,5008.154981
0.2962,5009.721822
0.2963,5011.287504
0.2964,5012.852026
0.2965,5014.415387
0.2966,5015.977587
0.2967,5017.538623
0.2968,5019.098497
0.2969,5020.657205
0.297,5022.214748
0.2971,5023.771125
0.2972,5025.326334
0.2973,5026.880374
0.2974,5028.433245
0.2975,5029.984946
0.2976,5031.535476
0.2977,5033.084833
0.2978,5034.633017
0.2979,5036.180027
0.298,5037.725862
0.2981,5039.27052
0.2982,5040.814002
0.2983,5042.356305
0.2984,5043.89743
0.2985,5045.437374
0.2986,5046.976138
0.2987,5048.51372
0.2988,5050.05012
0.2989,5051.585335
0.299,5053.119366
0.2991,5054.652211
0.2992,5056.18387
0.2993,5057.714342
0.2994,5059.243625
0.2995,5060.771718
0.2996,5062.298621
0.2997,5063.824333
0.2998,5065.348853
0.2999,5066.87218
0.3,5068.394312
0.3001,5069.91525
0.3002,5071.434992
0.3003,5072.953536
0.3004,5074.470883
0.3005,5075.987032
0.3006,5077.50198
0.3007,5079.015728
0.3008,5080.528274
0.3009,5082.039618
0.301,5083.549758
0.3011,5085.058694
0.3012,5086.566425
0.3013,5088.07295
0.3014,5089.578267
0.3015,5091.082376
0.3016,5092.585276
0.3017,5094.086967
0.3018,5095.587446
0.3019,5097.086714
0.302,5098.584769
0.3021,5100.08161
0.3022,5101.577237
0.3023,5103.071648
0.3024,5104.564843
0.3025,5106.056821
0.3026,5107.54758
0.3027,5109.03712
0.3028,5110.52544
0.3029,5112.012539
0.303,5113.498417
0.3031,5114.983071
0.3032,5116.466501
0.3033,5117.948707
0.3034,5119.429688
0.3035,5120.909442
0.3036,5122.387968
0.3037,5123.865266
0.3038,5125.341335
0.3039,5126.816174
0.304,5128.289782
0.3041,5129.762157
0.3042,5131.2333
0.3043,5132.703209
0.3044,5134.171884
0.3045,5135.639323
0.3046,5137.105525
0.3047,5138.57049
0.3048,5140.034217
0.3049,5141.496704
0.305,5142.957951
0.3051,5144.417958
0.3052,5145.876722
0.3053,5147.334244
0.3054,5148.790522
0.3055,5150.245555
0.3056,5151.699343
0.3057,5153.151884
0.3058,5154.603179
0.3059,5156.053225
0.306,5157.502021
0.3061,5158.949568
0.3062,5160.395864
0.3063,5161.840909
0.3064,5163.2847
0.3065,5164.727238
0.3066,5166.168522
0.3067,5167.60855
0.3068,5169.047322
0.3069,5170.484837
0.307,5171.921094
0.3071,5173.356093
0.3072,5174.789831
0.3073,5176.222309
0.3074,5177.653525
0.3075,5179.083479
0.3076,5180.512169
0.3077,5181.939596
0.3078,5183.365757
0.3079,5184.790652
0.308,5186.214281
0.3081,5187.636642
0.3082,5189.057734
0.3083,5190.477557
0.3084,5191.896109
0.3085,5193.313391
0.3086,5194.7294
0.3087,5196.144136
0.3088,5197.557599
0.3089,5198.969787
0.309,5200.380699
0.3091,5201.790335
0.3092,5203.198693
0.3093,5204.605774
0.3094,5206.011575
0.3095,5207.416097
0.3096,5208.819337
0.3097,5210.221296
0.3098,5211.621973
0.3099,5213.021366
0.31,5214.419475
0.3101,5215.816299
0.3102,5217.211837
0.3103,5218.606088
0.3104,5219.999052
0.3105,5221.390727
0.3106,5222.781112
0.3107,5224.170208
0.3108,5225.558012
0.3109,5226.944524
0.311,5228.329743
0.3111,5229.713669
0.3112,5231.0963
0.3113,5232.477636
0.3114,5233.857676
0.3115,5235.236419
0.3116,5236.613863
0.3117,5237.990009
0.3118,5239.364855
0.3119,5240.738401
0.312,5242.110646
0.3121,5243.481588
0.3122,5244.851227
0.3123,5246.219563
0.3124,5247.586593
0.3125,5248.952318
0.3126,5250.316737
0.3127,5251.679849
0.3128,5253.041652
0.3129,5254.402147
0.313,5255.761332
0.3131,5257.119206
0.3132,5258.475769
0.3133,5259.831019
0.3134,5261.184957
0.3135,5262.53758
0.3136,5263.888889
0.3137,5265.238882
0.3138,5266.587559
0.3139,5267.934918
0.314,5269.280959
0.3141,5270.625682
0.3142,5271.969084
0.3143,5273.311167
0.3144,5274.651927
0.3145,5275.991366
0.3146,5277.329481
0.3147,5278.666272
0.3148,5280.001739
0.3149,5281.33588
0.315,5282.668695
0.3151,5284.000183
0.3152,5285.330342
0.3153,5286.659173
0.3154,5287.986674
0.3155,5289.312845
0.3156,5290.637685
0.3157,5291.961192
0.3158,5293.283366
0.3159,5294.604207
0.316,5295.923713
0.3161,5297.241884
0.3162,5298.558718
0.3163,5299.874216
0.3164,5301.188376
0.3165,5302.501197
0.3166,5303.812679
0.3167,5305.12282
0.3168,5306.431621
0.3169,5307.739079
0.317,5309.045195
0.3171,5310.349968
0.3172,5311.653396
0.3173,5312.955479
0.3174,5314.256217
0.3175,5315.555607
0.3176,5316.85365
0.3177,5318.150345
0.3178,5319.445691
0.3179,5320.739687
0.318,5322.032332
0.3181,5323.323626
0.3182,5324.613568
0.3183,5325.902156
0.3184,5327.189391
0.3185,5328.475271
0.3186,5329.759796
0.3187,5331.042964
0.3188,5332.324775
0.3189,5333.605229
0.319,5334.884324
0.3191,5336.162059
0.3192,5337.438434
0.3193,5338.713449
0.3194,5339.987101
0.3195,5341.259391
0.3196,5342.530318
0.3197,5343.799881
0.3198,5345.068078
0.3199,5346.33491
0.32,5347.600376
0.3201,5348.864474
0.3202,5350.127205
0.3203,5351.388566
0.3204,5352.648558
0.3205,5353.90718
0.3206,5355.16443
0.3207,5356.420309
0.3208,5357.674814
0.3209,5358.927947
0.321,5360.179705
0.3211,5361.430088
0.3212,5362.679096
0.3213,5363.926727
0.3214,5365.17298
0.3215,5366.417856
0.3216,5367.661352
0.3217,5368.903469
0.3218,5370.144206
0.3219,5371.383561
0.322,5372.621535
0.3221,5373.858126
0.3222,5375.093333
0.3223,5376.327157
0.3224,5377.559595
0.3225,5378.790648
0.3226,5380.020314
0.3227,5381.248593
0.3228,5382.475484
0.3229,5383.700986
0.323,5384.925098
0.3231,5386.147821
0.3232,5387.369152
0.3233,5388.589092
0.3234,5389.807639
0.3235,5391.024792
0.3236,5392.240552
0.3237,5393.454917
0.3238,5394.667887
0.3239,5395.87946
0.324,5397.089636
0.3241,5398.298414
0.3242,5399.505794
0.3243,5400.711775
0.3244,5401.916356
0.3245,5403.119535
0.3246,5404.321314
0.3247,5405.52169
0.3248,5406.720663
0.3249,5407.918233
0.325,5409.114398
0.3251,5410.309158
0.3252,5411.502512
0.3253,5412.694459
0.3254,5413.884999
0.3255,5415.07413
0.3256,5416.261853
0.3257,5417.448167
0.3258,5418.63307
0.3259,5419.816562
0.326,5420.998642
0.3261,5422.179309
0.3262,5423.358564
0.3263,5424.536404
0.3264,5425.71283
0.3265,5426.88784
0.3266,5428.061434
0.3267,5429.233612
0.3268,5430.404371
0.3269,5431.573713
0.327,5432.741635
0.3271,5433.908138
0.3272,5435.07322
0.3273,5436.23688
0.3274,5437.399119
0.3275,5438.559936
0.3276,5439.719329
0.3277,5440.877298
0.3278,5442.033842
0.3279,5443.188961
0.328,5444.342653
0.3281,5445.494919
0.3282,5446.645757
0.3283,5447.795166
0.3284,5448.943147
0.3285,5450.089697
0.3286,5451.234818
0.3287,5452.378507
0.3288,5453.520764
0.3289,5454.661589
0.329,5455.80098
0.3291,5456.938938
0.3292,5458.075461
0.3293,5459.210548
0.3294,5460.344199
0.3295,5461.476414
0.3296,5462.607191
0.3297,5463.73653
0.3298,5464.86443
0.3299,5465.99089
0.33,5467.11591
0.3301,5468.239489
0.3302,5469.361627
0.3303,5470.482322
0.3304,5471.601574
0.3305,5472.719383
0.3306,5473.835746
0.3307,5474.950665
0.3308,5476.064138
0.3309,5477.176165
0.331,5478.286744
0.3311,5479.395876
0.3312,5480.503559
0.3313,5481.609793
0.3314,5482.714577
0.3315,5483.81791
0.3316,5484.919792
0.3317,5486.020222
0.3318,5487.1192
0.3319,5488.216724
0.332,5489.312794
0.3321,5490.40741
0.3322,5491.50057
0.3323,5492.592274
0.3324,5493.682522
0.3325,5494.771312
0.3326,5495.858644
0.3327,5496.944518
0.3328,5498.028932
0.3329,5499.111886
0.333,5500.193379
0.3331,5501.273411
0.3332,5502.351981
0.3333,5503.429088
0.3334,5504.504732
0.3335,5505.578912
0.3336,5506.651627
0.3337,5507.722877
0.3338,5508.792661
0.3339,5509.860978
0.334,5510.927828
0.3341,5511.99321
0.3342,5513.057123
0.3343,5514.119567
0.3344,5515.180541
0.3345,5516.240045
0.3346,5517.298077
0.3347,5518.354637
0.3348,5519.409724
0.3349,5520.463339
0.335,5521.515479
0.3351,5522.566145
0.3352,5523.615336
0.3353,5524.663051
0.3354,5525.70929
0.3355,5526.754051
0.3356,5527.797335
0.3357,5528.83914
0.3358,5529.879466
0.3359,5530.918313
0.336,5531.955679
0.3361,5532.991564
0.3362,5534.025968
0.3363,5535.05889
0.3364,5536.090328
0.3365,5537.120283
0.3366,5538.148754
0.3367,5539.17574
0.3368,5540.201241
0.3369,5541.225256
0.337,5542.247784
0.3371,5543.268825
0.3372,5544.288377
0.3373,5545.306442
0.3374,5546.323017
0.3375,5547.338102
0.3376,5548.351697
0.3377,5549.3638
0.3378,5550.374412
0.3379,5551.383532
0.338,5552.391159
0.3381,5553.397292
0.3382,5554.401931
0.3383,5555.405075
0.3384,5556.406724
0.3385,5557.406877
0.3386,5558.405533
0.3387,5559.402691
0.3388,5560.398352
0.3389,5561.392515
0.339,5562.385178
0.3391,5563.376341
0.3392,5564.366005
0.3393,5565.354167
0.3394,5566.340827
0.3395,5567.325986
0.3396,5568.309642
0.3397,5569.291794
0.3398,5570.272442
0.3399,5571.251586
0.34,5572.229225
0.3401,5573.205358
0.3402,5574.179984
0.3403,5575.153103
0.3404,5576.124715
0.3405,5577.094819
0.3406,5578.063413
0.3407,5579.030499
0.3408,5579.996074
0.3409,5580.960139
0.341,5581.922692
0.3411,5582.883734
0.3412,5583.843264
0.3413,5584.80128
0.3414,5585.757783
0.3415,5586.712772
0.3416,5587.666246
0.3417,5588.618204
0.3418,5589.568647
0.3419,5590.517573
0.342,5591.464983
0.3421,5592.410874
0.3422,5593.355247
0.3423,5594.298102
0.3424,5595.239437
0.3425,5596.179252
0.3426,5597.117546
0.3427,5598.05432
0.3428,5598.989571
0.3429,5599.9233
0.343,5600.855507
0.3431,5601.78619
0.3432,5602.715349
0.3433,5603.642983
0.3434,5604.569092
0.3435,5605.493675
0.3436,5606.416732
0.3437,5607.338262
0.3438,5608.258265
0.3439,5609.17674
0.344,5610.093686
0.3441,5611.009103
0.3442,5611.92299
0.3443,5612.835347
0.3444,5613.746173
0.3445,5614.655467
0.3446,5615.56323
0.3447,5616.46946
0.3448,5617.374157
0.3449,5618.277321
0.345,5619.17895
0.3451,5620.079044
0.3452,5620.977603
0.3453,5621.874627
0.3454,5622.770113
0.3455,5623.664063
0.3456,5624.556475
0.3457,5625.44735
0.3458,5626.336685
0.3459,5627.224482
0.346,5628.110738
0.3461,5628.995455
0.3462,5629.87863
0.3463,5630.760265
0.3464,5631.640357
0.3465,5632.518907
0.3466,5633.395914
0.3467,5634.271377
0.3468,5635.145296
0.3469,5636.017671
0.347,5636.8885
0.3471,5637.757784
0.3472,5638.625522
0.3473,5639.491713
0.3474,5640.356356
0.3475,5641.219452
0.3476,5642.080999
0.3477,5642.940998
0.3478,5643.799447
0.3479,5644.656346
0.348,5645.511695
0.3481,5646.365492
0.3482,5647.217738
0.3483,5648.068432
0.3484,5648.917574
0.3485,5649.765162
0.3486,5650.611197
0.3487,5651.455677
0.3488,5652.298603
0.3489,5653.139974
0.349,5653.979789
0.3491,5654.818048
0.3492,5655.65475
0.3493,5656.489895
0.3494,5657.323482
0.3495,5658.15551
0.3496,5658.98598
0.3497,5659.814891
0.3498,5660.642241
0.3499,5661.468032
0.35,5662.292261
0.3501,5663.114929
0.3502,5663.936036
0.3503,5664.75558
0.3504,5665.573561
0.3505,5666.389978
0.3506,5667.204832
0.3507,5668.018122
0.3508,5668.829846
0.3509,5669.640005
0.351,5670.448599
0.3511,5671.255625
0.3512,5672.061085
0.3513,5672.864978
0.3514,5673.667303
0.3515,5674.468059
0.3516,5675.267247
0.3517,5676.064865
0.3518,5676.860913
0.3519,5677.655391
0.352,5678.448298
0.3521,5679.239634
0.3522,5680.029398
0.3523,5680.817589
0.3524,5681.604208
0.3525,5682.389254
0.3526,5683.172726
0.3527,5683.954623
0.3528,5684.734946
0.3529,5685.513694
0.353,5686.290866
0.3531,5687.066462
0.3532,5687.840481
0.3533,5688.612923
0.3534,5689.383787
0.3535,5690.153074
0.3536,5690.920782
0.3537,5691.686911
0.3538,5692.45146
0.3539,5693.214429
0.354,5693.975818
0.3541,5694.735626
0.3542,5695.493853
0.3543,5696.250498
0.3544,5697.005561
0.3545,5697.75904
0.3546,5698.510937
0.3547,5699.26125
0.3548,5700.009979
0.3549,5700.757123
0.355,5701.502682
0.3551,5702.246655
0.3552,5702.989042
0.3553,5703.729843
0.3554,5704.469058
0.3555,5705.206684
0.3556,5705.942723
0.3557,5706.677174
0.3558,5707.410036
0.3559,5708.141308
0.356,5708.870991
0.3561,5709.599084
0.3562,5710.325587
0.3563,5711.050498
0.3564,5711.773818
0.3565,5712.495546
0.3566,5713.215682
0.3567,5713.934225
0.3568,5714.651175
0.3569,5715.366531
0.357,5716.080293
0.3571,5716.79246
0.3572,5717.503033
0.3573,5718.21201
0.3574,5718.919391
0.3575,5719.625176
0.3576,5720.329364
0.3577,5721.031956
0.3578,5721.732949
0.3579,5722.432345
0.358,5723.130142
0.3581,5723.82634
0.3582,5724.520939
0.3583,5725.213938
0.3584,5725.905337
0.3585,5726.595135
0.3586,5727.283332
0.3587,5727.969928
0.3588,5728.654922
0.3589,5729.338314
0.359,5730.020103
0.3591,5730.700289
0.3592,5731.378871
0.3593,5732.055849
0.3594,5732.731223
0.3595,5733.404992
0.3596,5734.077156
0.3597,5734.747714
0.3598,5735.416667
0.3599,5736.084012
0.36,5736.749751
0.3601,5737.413883
0.3602,5738.076407
0.3603,5738.737322
0.3604,5739.39663
0.3605,5740.054328
0.3606,5740.710417
0.3607,5741.364896
0.3608,5742.017765
0.3609,5742.669024
0.361,5743.318672
0.3611,5743.966708
0.3612,5744.613133
0.3613,5745.257945
0.3614,5745.901145
0.3615,5746.542732
0.3616,5747.182706
0.3617,5747.821066
0.3618,5748.457812
0.3619,5749.092943
0.362,5749.726459
0.3621,5750.35836
0.3622,5750.988646
0.3623,5751.617315
0.3624,5752.244368
0.3625,5752.869804
0.3626,5753.493623
0.3627,5754.115824
0.3628,5754.736408
0.3629,5755.355373
0.363,5755.972719
0.3631,5756.588446
0.3632,5757.202553
0.3633,5757.815041
0.3634,5758.425908
0.3635,5759.035154
0.3636,5759.64278
0.3637,5760.248784
0.3638,5760.853167
0.3639,5761.455927
0.364,5762.057064
0.3641,5762.656579
0.3642,5763.254471
0.3643,5763.850739
0.3644,5764.445383
0.3645,5765.038402
0.3646,5765.629797
0.3647,5766.219567
0.3648,5766.807711
0.3649,5767.394229
0.365,5767.979121
0.3651,5768.562387
0.3652,5769.144026
0.3653,5769.724037
0.3654,5770.302421
0.3655,5770.879177
0.3656,5771.454305
0.3657,5772.027803
0.3658,5772.599673
0.3659,5773.169914
0.366,5773.738524
0.3661,5774.305505
0.3662,5774.870855
0.3663,5775.434574
0.3664,5775.996662
0.3665,5776.557119
0.3666,5777.115944
0.3667,5777.673136
0.3668,5778.228696
0.3669,5778.782623
0.367,5779.334917
0.3671,5779.885578
0.3672,5780.434604
0.3673,5780.981997
0.3674,5781.527754
0.3675,5782.071877
0.3676,5782.614365
0.3677,5783.155217
0.3678,5783.694433
0.3679,5784.232013
0.368,5784.767956
0.3681,5785.302262
0.3682,5785.834932
0.3683,5786.365963
0.3684,5786.895357
0.3685,5787.423112
0.3686,5787.949229
0.3687,5788.473707
0.3688,5788.996546
0.3689,5789.517745
0.369,5790.037305
0.3691,5790.555224
0.3692,5791.071503
0.3693,5791.586141
0.3694,5792.099138
0.3695,5792.610494
0.3696,5793.120208
0.3697,5793.628279
0.3698,5794.134709
0.3699,5794.639495
0.37,5795.142639
0.3701,5795.644139
0.3702,5796.143996
0.3703,5796.642209
0.3704,5797.138778
0.3705,5797.633702
0.3706,5798.126981
0.3707,5798.618615
0.3708,5799.108604
0.3709,5799.596947
0.371,5800.083643
0.3711,5800.568694
0.3712,5801.052098
0.3713,5801.533855
0.3714,5802.013964
0.3715,5802.492426
0.3716,5802.96924
0.3717,5803.444407
0.3718,5803.917924
0.3719,5804.389793
0.372,5804.860013
0.3721,5805.328584
0.3722,5805.795505
0.3723,5806.260776
0.3724,5806.724397
0.3725,5807.186368
0.3726,5807.646687
0.3727,5808.105356
0.3728,5808.562374
0.3729,5809.01774
0.373,5809.471454
0.3731,5809.923516
0.3732,5810.373925
0.3733,5810.822682
0.3734,5811.269786
0.3735,5811.715236
0.3736,5812.159033
0.3737,5812.601177
0.3738,5813.041666
0.3739,5813.480501
0.374,5813.917681
0.3741,5814.353206
0.3742,5814.787076
0.3743,5815.219291
0.3744,5815.64985
0.3745,5816.078753
0.3746,5816.506
0.3747,5816.93159
0.3748,5817.355524
0.3749,5817.777801
0.375,5818.19842
0.3751,5818.617382
0.3752,5819.034686
0.3753,5819.450332
0.3754,5819.864319
0.3755,5820.276649
0.3756,5820.687319
0.3757,5821.09633
0.3758,5821.503682
0.3759,5821.909375
0.376,5822.313407
0.3761,5822.71578
0.3762,5823.116492
0.3763,5823.515543
0.3764,5823.912934
0.3765,5824.308664
0.3766,5824.702732
0.3767,5825.095139
0.3768,5825.485885
0.3769,5825.874968
0.377,5826.262389
0.3771,5826.648147
0.3772,5827.032242
0.3773,5827.414675
0.3774,5827.795445
0.3775,5828.174551
0.3776,5828.551993
0.3777,5828.927771
0.3778,5829.301885
0.3779,5829.674335
0.378,5830.045121
0.3781,5830.414241
0.3782,5830.781696
0.3783,5831.147486
0.3784,5831.511611
0.3785,5831.87407
0.3786,5832.234863
0.3787,5832.593989
0.3788,5832.95145
0.3789,5833.307243
0.379,5833.66137
0.3791,5834.01383
0.3792,5834.364622
0.3793,5834.713747
0.3794,5835.061204
0.3795,5835.406994
0.3796,5835.751115
0.3797,5836.093567
0.3798,5836.434352
0.3799,5836.773467
0.38,5837.110914
0.3801,5837.446691
0.3802,5837.780799
0.3803,5838.113237
0.3804,5838.444005
0.3805,5838.773104
0.3806,5839.100532
0.3807,5839.42629
0.3808,5839.750377
0.3809,5840.072793
0.381,5840.393539
0.3811,5840.712613
0.3812,5841.030015
0.3813,5841.345746
0.3814,5841.659806
0.3815,5841.972193
0.3816,5842.282908
0.3817,5842.591951
0.3818,5842.899321
0.3819,5843.205018
0.382,5843.509043
0.3821,5843.811394
0.3822,5844.112072
0.3823,5844.411076
0.3824,5844.708407
0.3825,5845.004064
0.3826,5845.298047
0.3827,5845.590355
0.3828,5845.880989
0.3829,5846.169949
0.383,5846.457233
0.3831,5846.742843
0.3832,5847.026778
0.3833,5847.309037
0.3834,5847.589621
0.3835,5847.868529
0.3836,5848.145762
0.3837,5848.421318
0.3838,5848.695198
0.3839,5848.967402
0.384,5849.237929
0.3841,5849.50678
0.3842,5849.773954
0.3843,5850.039451
0.3844,5850.30327
0.3845,5850.565412
0.3846,5850.825877
0.3847,5851.084664
0.3848,5851.341774
0.3849,5851.597205
0.385,5851.850958
0.3851,5852.103033
0.3852,5852.35343
0.3853,5852.602148
0.3854,5852.849187
0.3855,5853.094547
0.3856,5853.338228
0.3857,5853.58023
0.3858,5853.820553
0.3859,5854.059196
0.386,5854.29616
0.3861,5854.531443
0.3862,5854.765047
0.3863,5854.996971
0.3864,5855.227214
0.3865,5855.455777
0.3866,5855.68266
0.3867,5855.907862
0.3868,5856.131383
0.3869,5856.353223
0.387,5856.573383
0.3871,5856.79186
0.3872,5857.008657
0.3873,5857.223772
0.3874,5857.437206
0.3875,5857.648958
0.3876,5857.859028
0.3877,5858.067416
0.3878,5858.274121
0.3879,5858.479145
0.388,5858.682486
0.3881,5858.884145
0.3882,5859.084121
0.3883,5859.282414
0.3884,5859.479025
0.3885,5859.673952
0.3886,5859.867197
0.3887,5860.058758
0.3888,5860.248636
0.3889,5860.43683
0.389,5860.623341
0.3891,5860.808168
0.3892,5860.991311
0.3893,5861.17277
0.3894,5861.352546
0.3895,5861.530637
0.3896,5861.707044
0.3897,5861.881766
0.3898,5862.054804
0.3899,5862.226158
0.39,5862.395826
0.3901,5862.56381
0.3902,5862.730109
0.3903,5862.894723
0.3904,5863.057652
0.3905,5863.218896
0.3906,5863.378455
0.3907,5863.536328
0.3908,5863.692515
0.3909,5863.847017
0.391,5863.999834
0.3911,5864.150964
0.3912,5864.300409
0.3913,5864.448168
0.3914,5864.59424
0.3915,5864.738627
0.3916,5864.881327
0.3917,5865.022341
0.3918,5865.161668
0.3919,5865.299309
0.392,5865.435264
0.3921,5865.569532
0.3922,5865.702113
0.3923,5865.833007
0.3924,5865.962214
0.3925,5866.089734
0.3926,5866.215568
0.3927,5866.339714
0.3928,5866.462173
0.3929,5866.582944
0.393,5866.702028
0.3931,5866.819425
0.3932,5866.935134
0.3933,5867.049156
0.3934,5867.16149
0.3935,5867.272136
0.3936,5867.381094
0.3937,5867.488365
0.3938,5867.593948
0.3939,5867.697842
0.394,5867.800049
0.3941,5867.900567
0.3942,5867.999398
0.3943,5868.09654
0.3944,5868.191993
0.3945,5868.285759
0.3946,5868.377836
0.3947,5868.468224
0.3948,5868.556924
0.3949,5868.643935
0.395,5868.729258
0.3951,5868.812892
0.3952,5868.894837
0.3953,5868.975093
0.3954,5869.053661
0.3955,5869.13054
0.3956,5869.205729
0.3957,5869.27923
0.3958,5869.351042
0.3959,5869.421164
0.396,5869.489598
0.3961,5869.556342
0.3962,5869.621397
0.3963,5869.684763
0.3964,5869.74644
0.3965,5869.806427
0.3966,5869.864725
0.3967,5869.921333
0.3968,5869.976252
0.3969,5870.029482
0.397,5870.081022
0.3971,5870.130873
0.3972,5870.179034
0.3973,5870.225505
0.3974,5870.270287
0.3975,5870.313379
0.3976,5870.354781
0.3977,5870.394494
0.3978,5870.432517
0.3979,5870.468851
0.398,5870.503494
0.3981,5870.536448
0.3982,5870.567712
0.3983,5870.597286
0.3984,5870.62517
0.3985,5870.651364
0.3986,5870.675869
0.3987,5870.698683
0.3988,5870.719808
0.3989,5870.739243
0.399,5870.756988
0.3991,5870.773043
0.3992,5870.787407
0.3993,5870.800082
0.3994,5870.811067
0.3995,5870.820362
0.3996,5870.827967
0.3997,5870.833882
0.3998,5870.838107
0.3999,5870.840642
0.4,5870.841487
