0,180
0.0001,179.99016
0.0002,179.994143
0.0003,179.9981258
0.0004,179.9978918
0.0005,179.9939097
0.0006,179.9899281
0.0007,179.9859469
0.0008,179.9819662
0.0009,179.9779861
0.001,179.9740066
0.0011,179.9700278
0.0012,179.9660498
0.0013,179.9620725
0.0014,179.9580961
0.0015,179.9541206
0.0016,179.950146
0.0017,179.9461725
0.0018,179.9422
0.0019,179.9382286
0.002,179.9342584
0.0021,179.9302894
0.0022,179.9263217
0.0023,179.9223553
0.0024,179.9183903
0.0025,179.9144267
0.0026,179.9104646
0.0027,179.9065041
0.0028,179.9025452
0.0029,179.8985879
0.003,179.8946323
0.0031,179.8906784
0.0032,179.8867264
0.0033,179.8827762
0.0034,179.878828
0.0035,179.8748817
0.0036,179.8709374
0.0037,179.8669952
0.0038,179.8630551
0.0039,179.8591172
0.004,179.8551816
0.0041,179.8512482
0.0042,179.8473171
0.0043,179.8433885
0.0044,179.8394623
0.0045,179.8355385
0.0046,179.8316173
0.0047,179.8276987
0.0048,179.8237828
0.0049,179.8198695
0.005,179.815959
0.0051,179.8120513
0.0052,179.8081465
0.0053,179.8042445
0.0054,179.8003455
0.0055,179.7964495
0.0056,179.7925566
0.0057,179.7886667
0.0058,179.7847801
0.0059,179.7808966
0.006,179.7770164
0.0061,179.7731395
0.0062,179.7692659
0.0063,179.7653958
0.0064,179.7615291
0.0065,179.7576659
0.0066,179.7538063
0.0067,179.7499503
0.0068,179.7460979
0.0069,179.7422493
0.007,179.7384044
0.0071,179.7345633
0.0072,179.730726
0.0073,179.7268926
0.0074,179.7230632
0.0075,179.7192378
0.0076,179.7154165
0.0077,179.7115992
0.0078,179.707786
0.0079,179.7039771
0.008,179.7001723
0.0081,179.6963719
0.0082,179.6925758
0.0083,179.688784
0.0084,179.6849967
0.0085,179.6812139
0.0086,179.6774355
0.0087,179.6736617
0.0088,179.6698926
0.0089,179.666128
0.009,179.6623682
0.0091,179.6586131
0.0092,179.6548628
0.0093,179.6511174
0.0094,179.6473768
0.0095,179.6436411
0.0096,179.6399104
0.0097,179.6361847
0.0098,179.6324641
0.0099,179.6287485
0.01,179.6250381
0.0101,179.6213329
0.0102,179.617633
0.0103,179.6139383
0.0104,179.6102489
0.0105,179.6065648
0.0106,179.6028862
0.0107,179.599213
0.0108,179.5955453
0.0109,179.5918831
0.011,179.5882265
0.0111,179.5845755
0.0112,179.5809302
0.0113,179.5772905
0.0114,179.5736566
0.0115,179.5700284
0.0116,179.5664061
0.0117,179.5627896
0.0118,179.559179
0.0119,179.5555744
0.012,179.5519757
0.0121,179.548383
0.0122,179.5447964
0.0123,179.5412159
0.0124,179.5376414
0.0125,179.5340732
0.0126,179.5305112
0.0127,179.5269554
0.0128,179.5234059
0.0129,179.5198627
0.013,179.5163258
0.0131,179.5127954
0.0132,179.5092714
0.0133,179.5057538
0.0134,179.5022428
0.0135,179.4987383
0.0136,179.4952403
0.0137,179.491749
0.0138,179.4882643
0.0139,179.4847863
0.014,179.481315
0.0141,179.4778505
0.0142,179.4743927
0.0143,179.4709417
0.0144,179.4674976
0.0145,179.4640604
0.0146,179.4606301
0.0147,179.4572068
0.0148,179.4537904
0.0149,179.4503811
0.015,179.4469788
0.0151,179.4435836
0.0152,179.4401955
0.0153,179.4368145
0.0154,179.4334407
0.0155,179.4300741
0.0156,179.4267148
0.0157,179.4233627
0.0158,179.420018
0.0159,179.4166805
0.016,179.4133504
0.0161,179.4100277
0.0162,179.4067124
0.0163,179.4034046
0.0164,179.4001042
0.0165,179.3968114
0.0166,179.3935261
0.0167,179.3902483
0.0168,179.3869781
0.0169,179.3837156
0.017,179.3804607
0.0171,179.3772134
0.0172,179.3739739
0.0173,179.370742
0.0174,179.367518
0.0175,179.3643017
0.0176,179.3610932
0.0177,179.3578925
0.0178,179.3546997
0.0179,179.3515147
0.018,179.3483377
0.0181,179.3451686
0.0182,179.3420074
0.0183,179.3388542
0.0184,179.3357091
0.0185,179.3325719
0.0186,179.3294428
0.0187,179.3263217
0.0188,179.3232088
0.0189,179.3201039
0.019,179.3170072
0.0191,179.3139187
0.0192,179.3108383
0.0193,179.3077662
0.0194,179.3047022
0.0195,179.3016465
0.0196,179.2985991
0.0197,179.2955599
0.0198,179.2925291
0.0199,179.2895066
0.02,179.2864924
0.0201,179.2834866
0.0202,179.2804892
0.0203,179.2775001
0.0204,179.2745195
0.0205,179.2715474
0.0206,179.2685836
0.0207,179.2656284
0.0208,179.2626817
0.0209,179.2597434
0.021,179.2568137
0.0211,179.2538926
0.0212,179.25098
0.0213,179.248076
0.0214,179.2451805
0.0215,179.2422937
0.0216,179.2394155
0.0217,179.236546
0.0218,179.2336851
0.0219,179.2308329
0.022,179.2279893
0.0221,179.2251545
0.0222,179.2223284
0.0223,179.219511
0.0224,179.2167023
0.0225,179.2139024
0.0226,179.2111113
0.0227,179.208329
0.0228,179.2055554
0.0229,179.2027907
0.023,179.2000348
0.0231,179.1972877
0.0232,179.1945494
0.0233,179.19182
0.0234,179.1890995
0.0235,179.1863878
0.0236,179.1836851
0.0237,179.1809912
0.0238,179.1783063
0.0239,179.1756302
0.024,179.1729631
0.0241,179.170305
0.0242,179.1676558
0.0243,179.1650155
0.0244,179.1623842
0.0245,179.1597619
0.0246,179.1571486
0.0247,179.1545442
0.0248,179.1519489
0.0249,179.1493626
0.025,179.1467852
0.0251,179.144217
0.0252,179.1416577
0.0253,179.1391075
0.0254,179.1365663
0.0255,179.1340342
0.0256,179.1315111
0.0257,179.1289971
0.0258,179.1264922
0.0259,179.1239963
0.026,179.1215096
0.0261,179.1190319
0.0262,179.1165633
0.0263,179.1141038
0.0264,179.1116534
0.0265,179.1092121
0.0266,179.1067799
0.0267,179.1043568
0.0268,179.1019429
0.0269,179.0995381
0.027,179.0971423
0.0271,179.0947558
0.0272,179.0923783
0.0273,179.09001
0.0274,179.0876508
0.0275,179.0853008
0.0276,179.0829599
0.0277,179.0806281
0.0278,179.0783055
0.0279,179.0759921
0.028,179.0736877
0.0281,179.0713926
0.0282,179.0691066
0.0283,179.0668297
0.0284,179.064562
0.0285,179.0623034
0.0286,179.060054
0.0287,179.0578137
0.0288,179.0555826
0.0289,179.0533607
0.029,179.0511479
0.0291,179.0489442
0.0292,179.0467497
0.0293,179.0445644
0.0294,179.0423882
0.0295,179.0402211
0.0296,179.0380632
0.0297,179.0359144
0.0298,179.0337748
0.0299,179.0316443
0.03,179.029523
0.0301,179.0274107
0.0302,179.0253077
0.0303,179.0232137
0.0304,179.0211289
0.0305,179.0190532
0.0306,179.0169866
0.0307,179.0149291
0.0308,179.0128807
0.0309,179.0108415
0.031,179.0088114
0.0311,179.0067903
0.0312,179.0047784
0.0313,179.0027755
0.0314,179.0007818
0.0315,178.9987971
0.0316,178.9968215
0.0317,178.994855
0.0318,178.9928975
0.0319,178.9909491
0.032,178.9890098
0.0321,178.9870795
0.0322,178.9851583
0.0323,178.9832461
0.0324,178.9813429
0.0325,178.9794488
0.0326,178.9775637
0.0327,178.9756876
0.0328,178.9738205
0.0329,178.9719625
0.033,178.9701134
0.0331,178.9682733
0.0332,178.9664422
0.0333,178.9646201
0.0334,178.9628069
0.0335,178.9610027
0.0336,178.9592074
0.0337,178.9574211
0.0338,178.9556438
0.0339,178.9538753
0.034,178.9521158
0.0341,178.9503652
0.0342,178.9486235
0.0343,178.9468907
0.0344,178.9451667
0.0345,178.9434517
0.0346,178.9417455
0.0347,178.9400482
0.0348,178.9383597
0.0349,178.9366801
0.035,178.9350093
0.0351,178.9333473
0.0352,178.9316942
0.0353,178.9300498
0.0354,178.9284143
0.0355,178.9267875
0.0356,178.9251695
0.0357,178.9235602
0.0358,178.9219598
0.0359,178.920368
0.036,178.918785
0.0361,178.9172107
0.0362,178.9156451
0.0363,178.9140883
0.0364,178.9125401
0.0365,178.9110006
0.0366,178.9094697
0.0367,178.9079476
0.0368,178.906434
0.0369,178.9049291
0.037,178.9034329
0.0371,178.9019452
0.0372,178.9004661
0.0373,178.8989957
0.0374,178.8975338
0.0375,178.8960804
0.0376,178.8946356
0.0377,178.8931994
0.0378,178.8917717
0.0379,178.8903525
0.038,178.8889418
0.0381,178.8875396
0.0382,178.8861459
0.0383,178.8847607
0.0384,178.8833839
0.0385,178.8820155
0.0386,178.8806556
0.0387,178.8793041
0.0388,178.877961
0.0389,178.8766263
0.039,178.8752999
0.0391,178.873982
0.0392,178.8726724
0.0393,178.8713711
0.0394,178.8700781
0.0395,178.8687935
0.0396,178.8675172
0.0397,178.8662491
0.0398,178.8649893
0.0399,178.8637378
0.04,178.8624945
0.0401,178.8612595
0.0402,178.8600326
0.0403,178.858814
0.0404,178.8576036
0.0405,178.8564013
0.0406,178.8552072
0.0407,178.8540213
0.0408,178.8528434
0.0409,178.8516737
0.041,178.8505121
0.0411,178.8493586
0.0412,178.8482132
0.0413,178.8470758
0.0414,178.8459465
0.0415,178.8448252
0.0416,178.843712
0.0417,178.8426067
0.0418,178.8415095
0.0419,178.8404202
0.042,178.8393388
0.0421,178.8382654
0.0422,178.8372
0.0423,178.8361424
0.0424,178.8350928
0.0425,178.8340511
0.0426,178.8330172
0.0427,178.8319912
0.0428,178.830973
0.0429,178.8299626
0.043,178.8289601
0.0431,178.8279654
0.0432,178.8269784
0.0433,178.8259992
0.0434,178.8250278
0.0435,178.8240641
0.0436,178.8231081
0.0437,178.8221598
0.0438,178.8212193
0.0439,178.8202864
0.044,178.8193611
0.0441,178.8184435
0.0442,178.8175336
0.0443,178.8166312
0.0444,178.8157365
0.0445,178.8148493
0.0446,178.8139697
0.0447,178.8130977
0.0448,178.8122331
0.0449,178.8113762
0.045,178.8105267
0.0451,178.8096847
0.0452,178.8088502
0.0453,178.8080232
0.0454,178.8072036
0.0455,178.8063914
0.0456,178.8055866
0.0457,178.8047893
0.0458,178.8039993
0.0459,178.8032167
0.046,178.8024414
0.0461,178.8016735
0.0462,178.8009129
0.0463,178.8001596
0.0464,178.7994136
0.0465,178.7986749
0.0466,178.7979434
0.0467,178.7972192
0.0468,178.7965022
0.0469,178.7957924
0.047,178.7950898
0.0471,178.7943944
0.0472,178.7937062
0.0473,178.7930251
0.0474,178.7923511
0.0475,178.7916843
0.0476,178.7910245
0.0477,178.7903719
0.0478,178.7897263
0.0479,178.7890877
0.048,178.7884563
0.0481,178.7878318
0.0482,178.7872143
0.0483,178.7866039
0.0484,178.7860004
0.0485,178.7854038
0.0486,178.7848143
0.0487,178.7842316
0.0488,178.7836559
0.0489,178.783087
0.049,178.7825251
0.0491,178.78197
0.0492,178.7814218
0.0493,178.7808804
0.0494,178.7803458
0.0495,178.779818
0.0496,178.779297
0.0497,178.7787828
0.0498,178.7782754
0.0499,178.7777747
0.05,178.7772807
0.0501,178.7767935
0.0502,178.7763129
0.0503,178.7758391
0.0504,178.7753719
0.0505,178.7749113
0.0506,178.7744574
0.0507,178.7740101
0.0508,178.7735694
0.0509,178.7731353
0.051,178.7727078
0.0511,178.7722869
0.0512,178.7718725
0.0513,178.7714646
0.0514,178.7710632
0.0515,178.7706683
0.0516,178.77028
0.0517,178.7698981
0.0518,178.7695226
0.0519,178.7691536
0.052,178.768791
0.0521,178.7684348
0.0522,178.7680851
0.0523,178.7677417
0.0524,178.7674046
0.0525,178.7670739
0.0526,178.7667496
0.0527,178.7664316
0.0528,178.7661198
0.0529,178.7658144
0.053,178.7655153
0.0531,178.7652224
0.0532,178.7649357
0.0533,178.7646553
0.0534,178.7643811
0.0535,178.7641132
0.0536,178.7638514
0.0537,178.7635957
0.0538,178.7633463
0.0539,178.763103
0.054,178.7628658
0.0541,178.7626347
0.0542,178.7624098
0.0543,178.7621909
0.0544,178.7619781
0.0545,178.7617714
0.0546,178.7615707
0.0547,178.761376
0.0548,178.7611874
0.0549,178.7610047
0.055,178.7608281
0.0551,178.7606574
0.0552,178.7604927
0.0553,178.760334
0.0554,178.7601811
0.0555,178.7600342
0.0556,178.7598932
0.0557,178.7597581
0.0558,178.7596289
0.0559,178.7595055
0.056,178.759388
0.0561,178.7592763
0.0562,178.7591705
0.0563,178.7590705
0.0564,178.7589762
0.0565,178.7588878
0.0566,178.7588051
0.0567,178.7587281
0.0568,178.758657
0.0569,178.7585915
0.057,178.7585318
0.0571,178.7584777
0.0572,178.7584294
0.0573,178.7583867
0.0574,178.7583497
0.0575,178.7583184
0.0576,178.7582927
0.0577,178.7582726
0.0578,178.7582582
0.0579,178.7582493
0.058,178.758246
0.0581,178.7582483
0.0582,178.7582562
0.0583,178.7582696
0.0584,178.7582885
0.0585,178.758313
0.0586,178.758343
0.0587,178.7583785
0.0588,178.7584194
0.0589,178.7584659
0.059,178.7585178
0.0591,178.7585751
0.0592,178.7586379
0.0593,178.7587061
0.0594,178.7587798
0.0595,178.7588588
0.0596,178.7589432
0.0597,178.759033
0.0598,178.7591282
0.0599,178.7592287
0.06,178.7593346
0.0601,178.7594458
0.0602,178.7595623
0.0603,178.7596841
0.0604,178.7598112
0.0605,178.7599436
0.0606,178.7600813
0.0607,178.7602242
0.0608,178.7603724
0.0609,178.7605258
0.061,178.7606844
0.0611,178.7608483
0.0612,178.7610173
0.0613,178.7611916
0.0614,178.761371
0.0615,178.7615556
0.0616,178.7617453
0.0617,178.7619402
0.0618,178.7621403
0.0619,178.7623454
0.062,178.7625557
0.0621,178.7627711
0.0622,178.7629916
0.0623,178.7632171
0.0624,178.7634478
0.0625,178.7636835
0.0626,178.7639242
0.0627,178.76417
0.0628,178.7644208
0.0629,178.7646767
0.063,178.7649375
0.0631,178.7652034
0.0632,178.7654742
0.0633,178.76575
0.0634,178.7660308
0.0635,178.7663165
0.0636,178.7666072
0.0637,178.7669029
0.0638,178.7672034
0.0639,178.7675089
0.064,178.7678193
0.0641,178.7681346
0.0642,178.7684548
0.0643,178.7687798
0.0644,178.7691097
0.0645,178.7694445
0.0646,178.7697842
0.0647,178.7701286
0.0648,178.770478
0.0649,178.7708321
0.065,178.7711911
0.0651,178.7715548
0.0652,178.7719234
0.0653,178.7722967
0.0654,178.7726748
0.0655,178.7730577
0.0656,178.7734454
0.0657,178.7738378
0.0658,178.7742349
0.0659,178.7746368
0.066,178.7750434
0.0661,178.7754547
0.0662,178.7758707
0.0663,178.7762915
0.0664,178.7767169
0.0665,178.777147
0.0666,178.7775817
0.0667,178.7780212
0.0668,178.7784653
0.0669,178.778914
0.067,178.7793674
0.0671,178.7798254
0.0672,178.7802881
0.0673,178.7807553
0.0674,178.7812272
0.0675,178.7817037
0.0676,178.7821847
0.0677,178.7826704
0.0678,178.7831606
0.0679,178.7836554
0.068,178.7841547
0.0681,178.7846586
0.0682,178.7851671
0.0683,178.7856801
0.0684,178.7861976
0.0685,178.7867197
0.0686,178.7872463
0.0687,178.7877774
0.0688,178.7883129
0.0689,178.788853
0.069,178.7893976
0.0691,178.7899467
0.0692,178.7905002
0.0693,178.7910582
0.0694,178.7916207
0.0695,178.7921876
0.0696,178.7927589
0.0697,178.7933348
0.0698,178.793915
0.0699,178.7944997
0.07,178.7950888
0.0701,178.7956823
0.0702,178.7962802
0.0703,178.7968825
0.0704,178.7974892
0.0705,178.7981003
0.0706,178.7987158
0.0707,178.7993357
0.0708,178.7999599
0.0709,178.8005886
0.071,178.8012215
0.0711,178.8018588
0.0712,178.8025005
0.0713,178.8031465
0.0714,178.8037969
0.0715,178.8044516
0.0716,178.8051106
0.0717,178.8057739
0.0718,178.8064415
0.0719,178.8071135
0.072,178.8077897
0.0721,178.8084703
0.0722,178.8091551
0.0723,178.8098443
0.0724,178.8105377
0.0725,178.8112354
0.0726,178.8119374
0.0727,178.8126436
0.0728,178.8133541
0.0729,178.8140688
0.073,178.8147878
0.0731,178.8155111
0.0732,178.8162386
0.0733,178.8169703
0.0734,178.8177063
0.0735,178.8184465
0.0736,178.8191909
0.0737,178.8199396
0.0738,178.8206924
0.0739,178.8214495
0.074,178.8222108
0.0741,178.8229763
0.0742,178.8237459
0.0743,178.8245198
0.0744,178.8252979
0.0745,178.8260801
0.0746,178.8268666
0.0747,178.8276572
0.0748,178.828452
0.0749,178.8292509
0.075,178.8300541
0.0751,178.8308613
0.0752,178.8316728
0.0753,178.8324884
0.0754,178.8333082
0.0755,178.8341321
0.0756,178.8349601
0.0757,178.8357923
0.0758,178.8366287
0.0759,178.8374691
0.076,178.8383137
0.0761,178.8391625
0.0762,178.8400153
0.0763,178.8408723
0.0764,178.8417334
0.0765,178.8425986
0.0766,178.8434679
0.0767,178.8443414
0.0768,178.8452189
0.0769,178.8461006
0.077,178.8469863
0.0771,178.8478762
0.0772,178.8487702
0.0773,178.8496682
0.0774,178.8505704
0.0775,178.8514766
0.0776,178.8523869
0.0777,178.8533013
0.0778,178.8542198
0.0779,178.8551424
0.078,178.856069
0.0781,178.8569998
0.0782,178.8579346
0.0783,178.8588734
0.0784,178.8598164
0.0785,178.8607634
0.0786,178.8617145
0.0787,178.8626696
0.0788,178.8636288
0.0789,178.8645921
0.079,178.8655594
0.0791,178.8665308
0.0792,178.8675063
0.0793,178.8684858
0.0794,178.8694693
0.0795,178.8704569
0.0796,178.8714486
0.0797,178.8724443
0.0798,178.873444
0.0799,178.8744478
0.08,178.8754557
0.0801,178.8764676
0.0802,178.8774835
0.0803,178.8785035
0.0804,178.8795275
0.0805,178.8805555
0.0806,178.8815876
0.0807,178.8826238
0.0808,178.8836639
0.0809,178.8847082
0.081,178.8857564
0.0811,178.8868087
0.0812,178.887865
0.0813,178.8889254
0.0814,178.8899898
0.0815,178.8910582
0.0816,178.8921306
0.0817,178.8932071
0.0818,178.8942877
0.0819,178.8953722
0.082,178.8964608
0.0821,178.8975534
0.0822,178.8986501
0.0823,178.8997508
0.0824,178.9008555
0.0825,178.9019642
0.0826,178.903077
0.0827,178.9041938
0.0828,178.9053147
0.0829,178.9064396
0.083,178.9075685
0.0831,178.9087014
0.0832,178.9098384
0.0833,178.9109795
0.0834,178.9121245
0.0835,178.9132736
0.0836,178.9144267
0.0837,178.9155839
0.0838,178.9167451
0.0839,178.9179104
0.084,178.9190796
0.0841,178.920253
0.0842,178.9214303
0.0843,178.9226117
0.0844,178.9237972
0.0845,178.9249867
0.0846,178.9261802
0.0847,178.9273778
0.0848,178.9285794
0.0849,178.9297851
0.085,178.9309948
0.0851,178.9322086
0.0852,178.9334265
0.0853,178.9346483
0.0854,178.9358743
0.0855,178.9371043
0.0856,178.9383383
0.0857,178.9395765
0.0858,178.9408186
0.0859,178.9420649
0.086,178.9433152
0.0861,178.9445696
0.0862,178.945828
0.0863,178.9470905
0.0864,178.9483571
0.0865,178.9496278
0.0866,178.9509025
0.0867,178.9521813
0.0868,178.9534642
0.0869,178.9547512
0.087,178.9560422
0.0871,178.9573374
0.0872,178.9586366
0.0873,178.95994
0.0874,178.9612474
0.0875,178.9625589
0.0876,178.9638745
0.0877,178.9651942
0.0878,178.966518
0.0879,178.967846
0.088,178.969178
0.0881,178.9705142
0.0882,178.9718544
0.0883,178.9731988
0.0884,178.9745473
0.0885,178.9758999
0.0886,178.9772566
0.0887,178.9786175
0.0888,178.9799825
0.0889,178.9813517
0.089,178.9827249
0.0891,178.9841023
0.0892,178.9854839
0.0893,178.9868696
0.0894,178.9882595
0.0895,178.9896535
0.0896,178.9910516
0.0897,178.9924539
0.0898,178.9938604
0.0899,178.9952711
0.09,178.9966859
0.0901,178.9981049
0.0902,178.9995281
0.0903,179.0009554
0.0904,179.002387
0.0905,179.0038227
0.0906,179.0052626
0.0907,179.0067067
0.0908,179.008155
0.0909,179.0096075
0.091,179.0110643
0.0911,179.0125252
0.0912,179.0139903
0.0913,179.0154597
0.0914,179.0169333
0.0915,179.0184111
0.0916,179.0198931
0.0917,179.0213794
0.0918,179.0228699
0.0919,179.0243647
0.092,179.0258637
0.0921,179.027367
0.0922,179.0288745
0.0923,179.0303863
0.0924,179.0319023
0.0925,179.0334226
0.0926,179.0349472
0.0927,179.0364761
0.0928,179.0380093
0.0929,179.0395467
0.093,179.0410885
0.0931,179.0426345
0.0932,179.0441848
0.0933,179.0457395
0.0934,179.0472984
0.0935,179.0488617
0.0936,179.0504293
0.0937,179.0520012
0.0938,179.0535775
0.0939,179.0551581
0.094,179.056743
0.0941,179.0583323
0.0942,179.0599259
0.0943,179.0615239
0.0944,179.0631263
0.0945,179.064733
0.0946,179.0663441
0.0947,179.0679596
0.0948,179.0695795
0.0949,179.0712037
0.095,179.0728324
0.0951,179.0744654
0.0952,179.0761029
0.0953,179.0777448
0.0954,179.0793911
0.0955,179.0810418
0.0956,179.0826969
0.0957,179.0843565
0.0958,179.0860205
0.0959,179.087689
0.096,179.0893619
0.0961,179.0910393
0.0962,179.0927211
0.0963,179.0944074
0.0964,179.0960982
0.0965,179.0977935
0.0966,179.0994932
0.0967,179.1011975
0.0968,179.1029062
0.0969,179.1046195
0.097,179.1063373
0.0971,179.1080596
0.0972,179.1097864
0.0973,179.1115177
0.0974,179.1132536
0.0975,179.1149941
0.0976,179.116739
0.0977,179.1184886
0.0978,179.1202427
0.0979,179.1220014
0.098,179.1237646
0.0981,179.1255325
0.0982,179.1273049
0.0983,179.1290819
0.0984,179.1308636
0.0985,179.1326498
0.0986,179.1344407
0.0987,179.1362362
0.0988,179.1380363
0.0989,179.139841
0.099,179.1416504
0.0991,179.1434645
0.0992,179.1452832
0.0993,179.1471066
0.0994,179.1489346
0.0995,179.1507674
0.0996,179.1526048
0.0997,179.1544469
0.0998,179.1562937
0.0999,179.1581452
0.1,179.1600015
0.1001,179.1618625
0.1002,179.1637282
0.1003,179.1655986
0.1004,179.1674738
0.1005,179.1693537
0.1006,179.1712384
0.1007,179.1731279
0.1008,179.1750221
0.1009,179.1769212
0.101,179.178825
0.1011,179.1807336
0.1012,179.182647
0.1013,179.1845653
0.1014,179.1864884
0.1015,179.1884162
0.1016,179.190349
0.1017,179.1922866
0.1018,179.194229
0.1019,179.1961763
0.102,179.1981285
0.1021,179.2000855
0.1022,179.2020474
0.1023,179.2040143
0.1024,179.205986
0.1025,179.2079626
0.1026,179.2099442
0.1027,179.2119306
0.1028,179.2139221
0.1029,179.2159184
0.103,179.2179197
0.1031,179.219926
0.1032,179.2219372
0.1033,179.2239534
0.1034,179.2259746
0.1035,179.2280008
0.1036,179.230032
0.1037,179.2320682
0.1038,179.2341094
0.1039,179.2361557
0.104,179.238207
0.1041,179.2402633
0.1042,179.2423247
0.1043,179.2443911
0.1044,179.2464626
0.1045,179.2485392
0.1046,179.2506209
0.1047,179.2527077
0.1048,179.2547996
0.1049,179.2568966
0.105,179.2589987
0.1051,179.261106
0.1052,179.2632184
0.1053,179.2653359
0.1054,179.2674586
0.1055,179.2695865
0.1056,179.2717195
0.1057,179.2738578
0.1058,179.2760012
0.1059,179.2781499
0.106,179.2803037
0.1061,179.2824628
0.1062,179.2846271
0.1063,179.2867967
0.1064,179.2889715
0.1065,179.2911515
0.1066,179.2933369
0.1067,179.2955275
0.1068,179.2977234
0.1069,179.2999246
0.107,179.3021311
0.1071,179.304343
0.1072,179.3065601
0.1073,179.3087826
0.1074,179.3110105
0.1075,179.3132437
0.1076,179.3154822
0.1077,179.3177262
0.1078,179.3199755
0.1079,179.3222302
0.108,179.3244904
0.1081,179.3267559
0.1082,179.3290269
0.1083,179.3313033
0.1084,179.3335851
0.1085,179.3358724
0.1086,179.3381652
0.1087,179.3404634
0.1088,179.3427671
0.1089,179.3450764
0.109,179.3473911
0.1091,179.3497113
0.1092,179.3520371
0.1093,179.3543684
0.1094,179.3567052
0.1095,179.3590476
0.1096,179.3613956
0.1097,179.3637491
0.1098,179.3661082
0.1099,179.368473
0.11,179.3708433
0.1101,179.3732192
0.1102,179.3756008
0.1103,179.377988
0.1104,179.3803809
0.1105,179.3827794
0.1106,179.3851836
0.1107,179.3875935
0.1108,179.390009
0.1109,179.3924303
0.111,179.3948572
0.1111,179.3972899
0.1112,179.3997284
0.1113,179.4021725
0.1114,179.4046225
0.1115,179.4070781
0.1116,179.4095396
0.1117,179.4120069
0.1118,179.4144799
0.1119,179.4169588
0.112,179.4194435
0.1121,179.421934
0.1122,179.4244303
0.1123,179.4269325
0.1124,179.4294406
0.1125,179.4319545
0.1126,179.4344743
0.1127,179.4370001
0.1128,179.4395317
0.1129,179.4420692
0.113,179.4446127
0.1131,179.4471621
0.1132,179.4497175
0.1133,179.4522788
0.1134,179.4548461
0.1135,179.4574194
0.1136,179.4599987
0.1137,179.462584
0.1138,179.4651753
0.1139,179.4677727
0.114,179.4703761
0.1141,179.4729855
0.1142,179.475601
0.1143,179.4782226
0.1144,179.4808503
0.1145,179.483484
0.1146,179.4861239
0.1147,179.4887699
0.1148,179.491422
0.1149,179.4940803
0.115,179.4967448
0.1151,179.4994154
0.1152,179.5020922
0.1153,179.5047751
0.1154,179.5074643
0.1155,179.5101597
0.1156,179.5128614
0.1157,179.5155692
0.1158,179.5182833
0.1159,179.5210037
0.116,179.5237304
0.1161,179.5264633
0.1162,179.5292026
0.1163,179.5319481
0.1164,179.5347
0.1165,179.5374582
0.1166,179.5402227
0.1167,179.5429936
0.1168,179.5457709
0.1169,179.5485546
0.117,179.5513446
0.1171,179.5541411
0.1172,179.556944
0.1173,179.5597533
0.1174,179.562569
0.1175,179.5653912
0.1176,179.5682199
0.1177,179.5710551
0.1178,179.5738967
0.1179,179.5767449
0.118,179.5795995
0.1181,179.5824607
0.1182,179.5853285
0.1183,179.5882027
0.1184,179.5910836
0.1185,179.593971
0.1186,179.596865
0.1187,179.5997657
0.1188,179.6026729
0.1189,179.6055868
0.119,179.6085073
0.1191,179.6114344
0.1192,179.6143682
0.1193,179.6173087
0.1194,179.6202559
0.1195,179.6232098
0.1196,179.6261704
0.1197,179.6291377
0.1198,179.6321118
0.1199,179.6350926
0.12,179.6380802
0.1201,179.6410746
0.1202,179.6440758
0.1203,179.6470837
0.1204,179.6500985
0.1205,179.6531201
0.1206,179.6561486
0.1207,179.6591839
0.1208,179.6622261
0.1209,179.6652751
0.121,179.6683311
0.1211,179.6713939
0.1212,179.6744637
0.1213,179.6775404
0.1214,179.6806241
0.1215,179.6837147
0.1216,179.6868123
0.1217,179.6899169
0.1218,179.6930284
0.1219,179.696147
0.122,179.6992726
0.1221,179.7024053
0.1222,179.7055449
0.1223,179.7086917
0.1224,179.7118455
0.1225,179.7150064
0.1226,179.7181745
0.1227,179.7213496
0.1228,179.7245319
0.1229,179.7277213
0.123,179.7309178
0.1231,179.7341216
0.1232,179.7373325
0.1233,179.7405506
0.1234,179.7437759
0.1235,179.7470084
0.1236,179.7502482
0.1237,179.7534952
0.1238,179.7567495
0.1239,179.7600111
0.124,179.7632799
0.1241,179.7665561
0.1242,179.7698395
0.1243,179.7731303
0.1244,179.7764285
0.1245,179.779734
0.1246,179.7830468
0.1247,179.7863671
0.1248,179.7896947
0.1249,179.7930298
0.125,179.7963723
0.1251,179.7997222
0.1252,179.8030796
0.1253,179.8064444
0.1254,179.8098167
0.1255,179.8131965
0.1256,179.8165838
0.1257,179.8199786
0.1258,179.823381
0.1259,179.8267909
0.126,179.8302084
0.1261,179.8336334
0.1262,179.8370661
0.1263,179.8405063
0.1264,179.8439542
0.1265,179.8474096
0.1266,179.8508728
0.1267,179.8543435
0.1268,179.857822
0.1269,179.8613081
0.127,179.864802
0.1271,179.8683035
0.1272,179.8718128
0.1273,179.8753298
0.1274,179.8788546
0.1275,179.8823872
0.1276,179.8859275
0.1277,179.8894756
0.1278,179.8930316
0.1279,179.8965953
0.128,179.9001669
0.1281,179.9037464
0.1282,179.9073337
0.1283,179.9109289
0.1284,179.914532
0.1285,179.918143
0.1286,179.9217619
0.1287,179.9253888
0.1288,179.9290236
0.1289,179.9326664
0.129,179.9363172
0.1291,179.9399759
0.1292,179.9436427
0.1293,179.9473175
0.1294,179.9510003
0.1295,179.9546912
0.1296,179.9583902
0.1297,179.9620972
0.1298,179.9658123
0.1299,179.9695356
0.13,179.9732669
0.1301,179.9770064
0.1302,179.980754
0.1303,179.9845099
0.1304,179.9882738
0.1305,179.992046
0.1306,179.9958264
0.1307,179.999615
0.1308,179.9965881
0.1309,179.992783
0.131,179.9889696
0.1311,179.985148
0.1312,179.981318
0.1313,179.9774797
0.1314,179.9736331
0.1315,179.9697782
0.1316,179.9659149
0.1317,179.9620433
0.1318,179.9581633
0.1319,179.9542748
0.132,179.950378
0.1321,179.9464727
0.1322,179.942559
0.1323,179.9386368
0.1324,179.9347062
0.1325,179.9307671
0.1326,179.9268195
0.1327,179.9228633
0.1328,179.9188987
0.1329,179.9149255
0.133,179.9109437
0.1331,179.9069533
0.1332,179.9029544
0.1333,179.8989469
0.1334,179.8949307
0.1335,179.890906
0.1336,179.8868725
0.1337,179.8828305
0.1338,179.8787797
0.1339,179.8747203
0.134,179.8706521
0.1341,179.8665752
0.1342,179.8624896
0.1343,179.8583952
0.1344,179.8542921
0.1345,179.8501802
0.1346,179.8460595
0.1347,179.84193
0.1348,179.8377917
0.1349,179.8336445
0.135,179.8294885
0.1351,179.8253236
0.1352,179.8211498
0.1353,179.8169671
0.1354,179.8127755
0.1355,179.808575
0.1356,179.8043656
0.1357,179.8001471
0.1358,179.7959197
0.1359,179.7916834
0.136,179.787438
0.1361,179.7831836
0.1362,179.7789202
0.1363,179.7746477
0.1364,179.7703661
0.1365,179.7660755
0.1366,179.7617758
0.1367,179.757467
0.1368,179.753149
0.1369,179.748822
0.137,179.7444857
0.1371,179.7401403
0.1372,179.7357857
0.1373,179.731422
0.1374,179.727049
0.1375,179.7226667
0.1376,179.7182753
0.1377,179.7138746
0.1378,179.7094646
0.1379,179.7050453
0.138,179.7006167
0.1381,179.6961788
0.1382,179.6917315
0.1383,179.687275
0.1384,179.682809
0.1385,179.6783337
0.1386,179.6738489
0.1387,179.6693548
0.1388,179.6648513
0.1389,179.6603383
0.139,179.6558158
0.1391,179.6512839
0.1392,179.6467425
0.1393,179.6421916
0.1394,179.6376311
0.1395,179.6330612
0.1396,179.6284817
0.1397,179.6238926
0.1398,179.619294
0.1399,179.6146858
0.14,179.6100679
0.1401,179.6054405
0.1402,179.6008034
0.1403,179.5961566
0.1404,179.5915002
0.1405,179.5868341
0.1406,179.5821583
0.1407,179.5774728
0.1408,179.5727776
0.1409,179.5680726
0.141,179.5633579
0.1411,179.5586334
0.1412,179.5538991
0.1413,179.549155
0.1414,179.5444011
0.1415,179.5396373
0.1416,179.5348637
0.1417,179.5300802
0.1418,179.5252869
0.1419,179.5204836
0.142,179.5156704
0.1421,179.5108473
0.1422,179.5060143
0.1423,179.5011713
0.1424,179.4963183
0.1425,179.4914554
0.1426,179.4865824
0.1427,179.4816995
0.1428,179.4768065
0.1429,179.4719034
0.143,179.4669903
0.1431,179.4620671
0.1432,179.4571338
0.1433,179.4521904
0.1434,179.4472368
0.1435,179.4422731
0.1436,179.4372993
0.1437,179.4323153
0.1438,179.4273211
0.1439,179.4223167
0.144,179.4173021
0.1441,179.4122773
0.1442,179.4072422
0.1443,179.4021968
0.1444,179.3971412
0.1445,179.3920752
0.1446,179.386999
0.1447,179.3819124
0.1448,179.3768155
0.1449,179.3717082
0.145,179.3665906
0.1451,179.3614625
0.1452,179.3563241
0.1453,179.3511753
0.1454,179.346016
0.1455,179.3408463
0.1456,179.3356661
0.1457,179.3304754
0.1458,179.3252742
0.1459,179.3200625
0.146,179.3148403
0.1461,179.3096076
0.1462,179.3043643
0.1463,179.2991104
0.1464,179.293846
0.1465,179.2885709
0.1466,179.2832852
0.1467,179.2779889
0.1468,179.272682
0.1469,179.2673643
0.147,179.262036
0.1471,179.256697
0.1472,179.2513473
0.1473,179.2459869
0.1474,179.2406157
0.1475,179.2352338
0.1476,179.2298411
0.1477,179.2244376
0.1478,179.2190233
0.1479,179.2135982
0.148,179.2081623
0.1481,179.2027155
0.1482,179.1972579
0.1483,179.1917894
0.1484,179.1863099
0.1485,179.1808196
0.1486,179.1753184
0.1487,179.1698062
0.1488,179.164283
0.1489,179.1587489
0.149,179.1532038
0.1491,179.1476477
0.1492,179.1420806
0.1493,179.1365024
0.1494,179.1309132
0.1495,179.125313
0.1496,179.1197016
0.1497,179.1140792
0.1498,179.1084456
0.1499,179.102801
0.15,179.0971452
0.1501,179.0914782
0.1502,179.0858001
0.1503,179.0801108
0.1504,179.0744103
0.1505,179.0686985
0.1506,179.0629756
0.1507,179.0572414
0.1508,179.0514959
0.1509,179.0457392
0.151,179.0399711
0.1511,179.0341918
0.1512,179.0284011
0.1513,179.0225991
0.1514,179.0167858
0.1515,179.0109611
0.1516,179.005125
0.1517,178.9992775
0.1518,178.9934185
0.1519,178.9875482
0.152,178.9816664
0.1521,178.9757732
0.1522,178.9698684
0.1523,178.9639522
0.1524,178.9580245
0.1525,178.9520853
0.1526,178.9461345
0.1527,178.9401722
0.1528,178.9341983
0.1529,178.9282128
0.153,178.9222158
0.1531,178.9162071
0.1532,178.9101868
0.1533,178.9041549
0.1534,178.8981113
0.1535,178.892056
0.1536,178.885989
0.1537,178.8799104
0.1538,178.87382
0.1539,178.8677179
0.154,178.8616041
0.1541,178.8554784
0.1542,178.849341
0.1543,178.8431919
0.1544,178.8370309
0.1545,178.8308581
0.1546,178.8246734
0.1547,178.8184769
0.1548,178.8122686
0.1549,178.8060483
0.155,178.7998162
0.1551,178.7935721
0.1552,178.7873161
0.1553,178.7810482
0.1554,178.7747683
0.1555,178.7684764
0.1556,178.7621726
0.1557,178.7558567
0.1558,178.7495289
0.1559,178.743189
0.156,178.736837
0.1561,178.730473
0.1562,178.724097
0.1563,178.7177088
0.1564,178.7113085
0.1565,178.7048961
0.1566,178.6984716
0.1567,178.6920349
0.1568,178.685586
0.1569,178.679125
0.157,178.6726518
0.1571,178.6661663
0.1572,178.6596687
0.1573,178.6531587
0.1574,178.6466366
0.1575,178.6401022
0.1576,178.6335554
0.1577,178.6269964
0.1578,178.6204251
0.1579,178.6138415
0.158,178.6072455
0.1581,178.6006371
0.1582,178.5940164
0.1583,178.5873833
0.1584,178.5807377
0.1585,178.5740798
0.1586,178.5674094
0.1587,178.5607266
0.1588,178.5540314
0.1589,178.5473236
0.159,178.5406034
0.1591,178.5338706
0.1592,178.5271254
0.1593,178.5203676
0.1594,178.5135972
0.1595,178.5068143
0.1596,178.5000188
0.1597,178.4932108
0.1598,178.4863901
0.1599,178.4795568
0.16,178.4727109
0.1601,178.4658523
0.1602,178.458981
0.1603,178.4520971
0.1604,178.4452005
0.1605,178.4382911
0.1606,178.4313691
0.1607,178.4244343
0.1608,178.4174868
0.1609,178.4105265
0.161,178.4035534
0.1611,178.3965675
0.1612,178.3895688
0.1613,178.3825573
0.1614,178.375533
0.1615,178.3684958
0.1616,178.3614457
0.1617,178.3543828
0.1618,178.347307
0.1619,178.3402182
0.162,178.3331166
0.1621,178.326002
0.1622,178.3188744
0.1623,178.3117339
0.1624,178.3045804
0.1625,178.297414
0.1626,178.2902345
0.1627,178.283042
0.1628,178.2758364
0.1629,178.2686178
0.163,178.2613862
0.1631,178.2541414
0.1632,178.2468836
0.1633,178.2396127
0.1634,178.2323286
0.1635,178.2250314
0.1636,178.2177211
0.1637,178.2103976
0.1638,178.2030609
0.1639,178.1957111
0.164,178.188348
0.1641,178.1809718
0.1642,178.1735823
0.1643,178.1661795
0.1644,178.1587635
0.1645,178.1513342
0.1646,178.1438916
0.1647,178.1364358
0.1648,178.1289666
0.1649,178.1214841
0.165,178.1139883
0.1651,178.1064791
0.1652,178.0989565
0.1653,178.0914205
0.1654,178.0838712
0.1655,178.0763084
0.1656,178.0687323
0.1657,178.0611426
0.1658,178.0535396
0.1659,178.0459231
0.166,178.038293
0.1661,178.0306496
0.1662,178.0229926
0.1663,178.015322
0.1664,178.007638
0.1665,177.9999404
0.1666,177.9922293
0.1667,177.9845045
0.1668,177.9767662
0.1669,177.9690143
0.167,177.9612488
0.1671,177.9534697
0.1672,177.9456769
0.1673,177.9378705
0.1674,177.9300504
0.1675,177.9222166
0.1676,177.9143692
0.1677,177.906508
0.1678,177.8986331
0.1679,177.8907445
0.168,177.8828422
0.1681,177.8749261
0.1682,177.8669962
0.1683,177.8590525
0.1684,177.8510951
0.1685,177.8431238
0.1686,177.8351387
0.1687,177.8271398
0.1688,177.8191271
0.1689,177.8111004
0.169,177.8030599
0.1691,177.7950055
0.1692,177.7869372
0.1693,177.778855
0.1694,177.7707589
0.1695,177.7626489
0.1696,177.7545249
0.1697,177.7463869
0.1698,177.7382349
0.1699,177.730069
0.17,177.721889
0.1701,177.7136951
0.1702,177.7054871
0.1703,177.6972651
0.1704,177.689029
0.1705,177.6807789
0.1706,177.6725147
0.1707,177.6642364
0.1708,177.655944
0.1709,177.6476374
0.171,177.6393168
0.1711,177.630982
0.1712,177.6226331
0.1713,177.61427
0.1714,177.6058927
0.1715,177.5975012
0.1716,177.5890956
0.1717,177.5806757
0.1718,177.5722416
0.1719,177.5637932
0.172,177.5553306
0.1721,177.5468538
0.1722,177.5383627
0.1723,177.5298572
0.1724,177.5213375
0.1725,177.5128035
0.1726,177.5042551
0.1727,177.4956925
0.1728,177.4871154
0.1729,177.478524
0.173,177.4699183
0.1731,177.4612981
0.1732,177.4526636
0.1733,177.4440147
0.1734,177.4353513
0.1735,177.4266735
0.1736,177.4179813
0.1737,177.4092746
0.1738,177.4005534
0.1739,177.3918178
0.174,177.3830677
0.1741,177.3743031
0.1742,177.3655239
0.1743,177.3567303
0.1744,177.3479221
0.1745,177.3390994
0.1746,177.3302621
0.1747,177.3214102
0.1748,177.3125438
0.1749,177.3036627
0.175,177.2947671
0.1751,177.2858568
0.1752,177.2769319
0.1753,177.2679924
0.1754,177.2590382
0.1755,177.2500694
0.1756,177.2410859
0.1757,177.2320877
0.1758,177.2230748
0.1759,177.2140473
0.176,177.205005
0.1761,177.1959479
0.1762,177.1868762
0.1763,177.1777897
0.1764,177.1686884
0.1765,177.1595723
0.1766,177.1504415
0.1767,177.1412959
0.1768,177.1321355
0.1769,177.1229602
0.177,177.1137701
0.1771,177.1045652
0.1772,177.0953455
0.1773,177.0861109
0.1774,177.0768614
0.1775,177.067597
0.1776,177.0583178
0.1777,177.0490236
0.1778,177.0397146
0.1779,177.0303906
0.178,177.0210517
0.1781,177.0116978
0.1782,177.002329
0.1783,176.9929453
0.1784,176.9835465
0.1785,176.9741328
0.1786,176.9647041
0.1787,176.9552603
0.1788,176.9458016
0.1789,176.9363278
0.179,176.926839
0.1791,176.9173352
0.1792,176.9078163
0.1793,176.8982823
0.1794,176.8887332
0.1795,176.8791691
0.1796,176.8695899
0.1797,176.8599956
0.1798,176.8503861
0.1799,176.8407615
0.18,176.8311218
0.1801,176.821467
0.1802,176.811797
0.1803,176.8021118
0.1804,176.7924114
0.1805,176.7826959
0.1806,176.7729652
0.1807,176.7632193
0.1808,176.7534581
0.1809,176.7436818
0.181,176.7338902
0.1811,176.7240833
0.1812,176.7142612
0.1813,176.7044239
0.1814,176.6945713
0.1815,176.6847034
0.1816,176.6748202
0.1817,176.6649217
0.1818,176.6550079
0.1819,176.6450788
0.182,176.6351344
0.1821,176.6251747
0.1822,176.6151996
0.1823,176.6052091
0.1824,176.5952033
0.1825,176.5851821
0.1826,176.5751455
0.1827,176.5650936
0.1828,176.5550263
0.1829,176.5449435
0.183,176.5348453
0.1831,176.5247317
0.1832,176.5146027
0.1833,176.5044583
0.1834,176.4942984
0.1835,176.484123
0.1836,176.4739322
0.1837,176.4637258
0.1838,176.4535041
0.1839,176.4432668
0.184,176.433014
0.1841,176.4227457
0.1842,176.4124619
0.1843,176.4021626
0.1844,176.3918477
0.1845,176.3815173
0.1846,176.3711714
0.1847,176.3608098
0.1848,176.3504328
0.1849,176.3400401
0.185,176.3296319
0.1851,176.3192081
0.1852,176.3087686
0.1853,176.2983136
0.1854,176.287843
0.1855,176.2773567
0.1856,176.2668548
0.1857,176.2563373
0.1858,176.2458042
0.1859,176.2352553
0.186,176.2246909
0.1861,176.2141107
0.1862,176.2035149
0.1863,176.1929034
0.1864,176.1822762
0.1865,176.1716333
0.1866,176.1609747
0.1867,176.1503004
0.1868,176.1396104
0.1869,176.1289047
0.187,176.1181832
0.1871,176.107446
0.1872,176.096693
0.1873,176.0859243
0.1874,176.0751398
0.1875,176.0643395
0.1876,176.0535235
0.1877,176.0426917
0.1878,176.0318441
0.1879,176.0209807
0.188,176.0101015
0.1881,175.9992065
0.1882,175.9882957
0.1883,175.977369
0.1884,175.9664265
0.1885,175.9554682
0.1886,175.9444941
0.1887,175.9335041
0.1888,175.9224982
0.1889,175.9114765
0.189,175.9004389
0.1891,175.8893854
0.1892,175.8783161
0.1893,175.8672308
0.1894,175.8561297
0.1895,175.8450127
0.1896,175.8338798
0.1897,175.8227309
0.1898,175.8115662
0.1899,175.8003855
0.19,175.7891889
0.1901,175.7779763
0.1902,175.7667478
0.1903,175.7555034
0.1904,175.744243
0.1905,175.7329667
0.1906,175.7216743
0.1907,175.7103661
0.1908,175.6990418
0.1909,175.6877016
0.191,175.6763454
0.1911,175.6649731
0.1912,175.6535849
0.1913,175.6421807
0.1914,175.6307605
0.1915,175.6193243
0.1916,175.607872
0.1917,175.5964038
0.1918,175.5849195
0.1919,175.5734191
0.192,175.5619028
0.1921,175.5503704
0.1922,175.5388219
0.1923,175.5272574
0.1924,175.5156768
0.1925,175.5040802
0.1926,175.4924675
0.1927,175.4808387
0.1928,175.4691939
0.1929,175.457533
0.193,175.4458559
0.1931,175.4341628
0.1932,175.4224537
0.1933,175.4107284
0.1934,175.398987
0.1935,175.3872295
0.1936,175.3754559
0.1937,175.3636661
0.1938,175.3518603
0.1939,175.3400383
0.194,175.3282002
0.1941,175.316346
0.1942,175.3044756
0.1943,175.2925891
0.1944,175.2806865
0.1945,175.2687677
0.1946,175.2568327
0.1947,175.2448816
0.1948,175.2329144
0.1949,175.220931
0.195,175.2089314
0.1951,175.1969156
0.1952,175.1848837
0.1953,175.1728356
0.1954,175.1607713
0.1955,175.1486909
0.1956,175.1365942
0.1957,175.1244814
0.1958,175.1123524
0.1959,175.1002072
0.196,175.0880457
0.1961,175.0758681
0.1962,175.0636743
0.1963,175.0514643
0.1964,175.039238
0.1965,175.0269956
0.1966,175.0147369
0.1967,175.002462
0.1968,174.9901709
0.1969,174.9778636
0.197,174.9655401
0.1971,174.9532003
0.1972,174.9408443
0.1973,174.9284721
0.1974,174.9160836
0.1975,174.9036789
0.1976,174.8912579
0.1977,174.8788207
0.1978,174.8663673
0.1979,174.8538976
0.198,174.8414117
0.1981,174.8289095
0.1982,174.8163911
0.1983,174.8038564
0.1984,174.7913055
0.1985,174.7787383
0.1986,174.7661548
0.1987,174.7535551
0.1988,174.7409392
0.1989,174.7283069
0.199,174.7156584
0.1991,174.7029937
0.1992,174.6903126
0.1993,174.6776154
0.1994,174.6649018
0.1995,174.6521719
0.1996,174.6394258
0.1997,174.6266635
0.1998,174.6138848
0.1999,174.6010899
0.2,174.5882787
0.2001,174.5754512
0.2002,174.5626074
0.2003,174.5497474
0.2004,174.5368711
0.2005,174.5239785
0.2006,174.5110696
0.2007,174.4981444
0.2008,174.485203
0.2009,174.4722452
0.201,174.4592712
0.2011,174.446281
0.2012,174.4332744
0.2013,174.4202515
0.2014,174.4072124
0.2015,174.394157
0.2016,174.3810853
0.2017,174.3679973
0.2018,174.354893
0.2019,174.3417725
0.202,174.3286357
0.2021,174.3154825
0.2022,174.3023131
0.2023,174.2891275
0.2024,174.2759255
0.2025,174.2627073
0.2026,174.2494728
0.2027,174.236222
0.2028,174.2229549
0.2029,174.2096715
0.203,174.1963719
0.2031,174.183056
0.2032,174.1697238
0.2033,174.1563753
0.2034,174.1430106
0.2035,174.1296296
0.2036,174.1162323
0.2037,174.1028188
0.2038,174.089389
0.2039,174.0759429
0.204,174.0624805
0.2041,174.0490019
0.2042,174.035507
0.2043,174.0219959
0.2044,174.0084685
0.2045,173.9949248
0.2046,173.9813649
0.2047,173.9677888
0.2048,173.9541963
0.2049,173.9405876
0.205,173.9269627
0.2051,173.9133216
0.2052,173.8996641
0.2053,173.8859905
0.2054,173.8723006
0.2055,173.8585944
0.2056,173.844872
0.2057,173.8311334
0.2058,173.8173786
0.2059,173.8036075
0.206,173.7898202
0.2061,173.7760167
0.2062,173.7621969
0.2063,173.748361
0.2064,173.7345088
0.2065,173.7206404
0.2066,173.7067558
0.2067,173.692855
0.2068,173.678938
0.2069,173.6650047
0.207,173.6510553
0.2071,173.6370897
0.2072,173.6231079
0.2073,173.6091099
0.2074,173.5950957
0.2075,173.5810654
0.2076,173.5670188
0.2077,173.5529561
0.2078,173.5388772
0.2079,173.5247822
0.208,173.510671
0.2081,173.4965436
0.2082,173.4824001
0.2083,173.4682404
0.2084,173.4540646
0.2085,173.4398726
0.2086,173.4256645
0.2087,173.4114403
0.2088,173.3971999
0.2089,173.3829434
0.209,173.3686707
0.2091,173.354382
0.2092,173.3400771
0.2093,173.3257562
0.2094,173.3114191
0.2095,173.2970659
0.2096,173.2826967
0.2097,173.2683113
0.2098,173.2539099
0.2099,173.2394924
0.21,173.2250588
0.2101,173.2106091
0.2102,173.1961434
0.2103,173.1816616
0.2104,173.1671637
0.2105,173.1526498
0.2106,173.1381199
0.2107,173.1235739
0.2108,173.1090119
0.2109,173.0944339
0.211,173.0798398
0.2111,173.0652298
0.2112,173.0506037
0.2113,173.0359616
0.2114,173.0213035
0.2115,173.0066294
0.2116,172.9919394
0.2117,172.9772333
0.2118,172.9625113
0.2119,172.9477733
0.212,172.9330194
0.2121,172.9182495
0.2122,172.9034636
0.2123,172.8886618
0.2124,172.8738441
0.2125,172.8590104
0.2126,172.8441608
0.2127,172.8292953
0.2128,172.8144139
0.2129,172.7995166
0.213,172.7846034
0.2131,172.7696743
0.2132,172.7547293
0.2133,172.7397685
0.2134,172.7247918
0.2135,172.7097992
0.2136,172.6947907
0.2137,172.6797665
0.2138,172.6647264
0.2139,172.6496704
0.214,172.6345987
0.2141,172.6195111
0.2142,172.6044077
0.2143,172.5892885
0.2144,172.5741535
0.2145,172.5590028
0.2146,172.5438362
0.2147,172.5286539
0.2148,172.5134558
0.2149,172.498242
0.215,172.4830125
0.2151,172.4677672
0.2152,172.4525061
0.2153,172.4372294
0.2154,172.421937
0.2155,172.4066288
0.2156,172.391305
0.2157,172.3759654
0.2158,172.3606102
0.2159,172.3452394
0.216,172.3298528
0.2161,172.3144507
0.2162,172.2990328
0.2163,172.2835994
0.2164,172.2681503
0.2165,172.2526857
0.2166,172.2372054
0.2167,172.2217095
0.2168,172.2061981
0.2169,172.190671
0.217,172.1751284
0.2171,172.1595703
0.2172,172.1439966
0.2173,172.1284074
0.2174,172.1128026
0.2175,172.0971823
0.2176,172.0815466
0.2177,172.0658953
0.2178,172.0502285
0.2179,172.0345463
0.218,172.0188486
0.2181,172.0031355
0.2182,171.9874069
0.2183,171.9716628
0.2184,171.9559034
0.2185,171.9401285
0.2186,171.9243382
0.2187,171.9085326
0.2188,171.8927115
0.2189,171.8768751
0.219,171.8610233
0.2191,171.8451562
0.2192,171.8292738
0.2193,171.813376
0.2194,171.7974629
0.2195,171.7815345
0.2196,171.7655908
0.2197,171.7496318
0.2198,171.7336576
0.2199,171.7176681
0.22,171.7016633
0.2201,171.6856433
0.2202,171.6696081
0.2203,171.6535577
0.2204,171.6374921
0.2205,171.6214113
0.2206,171.6053153
0.2207,171.5892042
0.2208,171.5730779
0.2209,171.5569364
0.221,171.5407799
0.2211,171.5246082
0.2212,171.5084214
0.2213,171.4922196
0.2214,171.4760026
0.2215,171.4597706
0.2216,171.4435235
0.2217,171.4272614
0.2218,171.4109843
0.2219,171.3946922
0.222,171.3783851
0.2221,171.3620629
0.2222,171.3457258
0.2223,171.3293738
0.2224,171.3130068
0.2225,171.2966248
0.2226,171.280228
0.2227,171.2638162
0.2228,171.2473895
0.2229,171.230948
0.223,171.2144916
0.2231,171.1980203
0.2232,171.1815342
0.2233,171.1650333
0.2234,171.1485176
0.2235,171.131987
0.2236,171.1154417
0.2237,171.0988816
0.2238,171.0823068
0.2239,171.0657172
0.224,171.0491129
0.2241,171.0324938
0.2242,171.0158601
0.2243,170.9992117
0.2244,170.9825486
0.2245,170.9658709
0.2246,170.9491786
0.2247,170.9324716
0.2248,170.91575
0.2249,170.8990138
0.225,170.882263
0.2251,170.8654977
0.2252,170.8487178
0.2253,170.8319233
0.2254,170.8151144
0.2255,170.798291
0.2256,170.781453
0.2257,170.7646006
0.2258,170.7477338
0.2259,170.7308525
0.226,170.7139567
0.2261,170.6970466
0.2262,170.6801221
0.2263,170.6631832
0.2264,170.6462299
0.2265,170.6292623
0.2266,170.6122803
0.2267,170.5952841
0.2268,170.5782735
0.2269,170.5612487
0.227,170.5442096
0.2271,170.5271562
0.2272,170.5100886
0.2273,170.4930068
0.2274,170.4759108
0.2275,170.4588007
0.2276,170.4416763
0.2277,170.4245378
0.2278,170.4073852
0.2279,170.3902185
0.228,170.3730376
0.2281,170.3558427
0.2282,170.3386338
0.2283,170.3214107
0.2284,170.3041737
0.2285,170.2869226
0.2286,170.2696576
0.2287,170.2523786
0.2288,170.2350856
0.2289,170.2177787
0.229,170.2004578
0.2291,170.1831231
0.2292,170.1657744
0.2293,170.1484119
0.2294,170.1310356
0.2295,170.1136454
0.2296,170.0962414
0.2297,170.0788236
0.2298,170.061392
0.2299,170.0439467
0.23,170.0264876
0.2301,170.0090148
0.2302,169.9915283
0.2303,169.9740281
0.2304,169.9565143
0.2305,169.9389868
0.2306,169.9214457
0.2307,169.9038909
0.2308,169.8863226
0.2309,169.8687407
0.231,169.8511453
0.2311,169.8335363
0.2312,169.8159138
0.2313,169.7982778
0.2314,169.7806283
0.2315,169.7629654
0.2316,169.7452891
0.2317,169.7275993
0.2318,169.7098961
0.2319,169.6921796
0.232,169.6744497
0.2321,169.6567064
0.2322,169.6389499
0.2323,169.62118
0.2324,169.6033969
0.2325,169.5856005
0.2326,169.5677909
0.2327,169.549968
0.2328,169.532132
0.2329,169.5142828
0.233,169.4964204
0.2331,169.4785449
0.2332,169.4606563
0.2333,169.4427546
0.2334,169.4248398
0.2335,169.406912
0.2336,169.3889711
0.2337,169.3710173
0.2338,169.3530504
0.2339,169.3350706
0.234,169.3170778
0.2341,169.2990721
0.2342,169.2810535
0.2343,169.263022
0.2344,169.2449777
0.2345,169.2269205
0.2346,169.2088505
0.2347,169.1907677
0.2348,169.1726721
0.2349,169.1545638
0.235,169.1364427
0.2351,169.118309
0.2352,169.1001625
0.2353,169.0820034
0.2354,169.0638316
0.2355,169.0456472
0.2356,169.0274503
0.2357,169.0092407
0.2358,168.9910186
0.2359,168.972784
0.236,168.9545368
0.2361,168.9362772
0.2362,168.9180051
0.2363,168.8997205
0.2364,168.8814236
0.2365,168.8631142
0.2366,168.8447925
0.2367,168.8264584
0.2368,168.808112
0.2369,168.7897533
0.237,168.7713824
0.2371,168.7529991
0.2372,168.7346036
0.2373,168.716196
0.2374,168.6977761
0.2375,168.6793441
0.2376,168.6608999
0.2377,168.6424436
0.2378,168.6239752
0.2379,168.6054948
0.238,168.5870023
0.2381,168.5684978
0.2382,168.5499813
0.2383,168.5314528
0.2384,168.5129123
0.2385,168.49436
0.2386,168.4757957
0.2387,168.4572196
0.2388,168.4386316
0.2389,168.4200318
0.239,168.4014202
0.2391,168.3827968
0.2392,168.3641617
0.2393,168.3455148
0.2394,168.3268562
0.2395,168.308186
0.2396,168.289504
0.2397,168.2708105
0.2398,168.2521054
0.2399,168.2333886
0.24,168.2146603
0.2401,168.1959205
0.2402,168.1771692
0.2403,168.1584064
0.2404,168.1396322
0.2405,168.1208465
0.2406,168.1020494
0.2407,168.083241
0.2408,168.0644212
0.2409,168.04559
0.241,168.0267476
0.2411,168.0078939
0.2412,167.9890289
0.2413,167.9701528
0.2414,167.9512654
0.2415,167.9323668
0.2416,167.9134571
0.2417,167.8945363
0.2418,167.8756044
0.2419,167.8566615
0.242,167.8377075
0.2421,167.8187424
0.2422,167.7997664
0.2423,167.7807795
0.2424,167.7617816
0.2425,167.7427728
0.2426,167.7237531
0.2427,167.7047226
0.2428,167.6856812
0.2429,167.666629
0.243,167.6475661
0.2431,167.6284924
0.2432,167.609408
0.2433,167.5903129
0.2434,167.5712072
0.2435,167.5520908
0.2436,167.5329638
0.2437,167.5138262
0.2438,167.4946781
0.2439,167.4755194
0.244,167.4563503
0.2441,167.4371706
0.2442,167.4179805
0.2443,167.3987801
0.2444,167.3795692
0.2445,167.3603479
0.2446,167.3411164
0.2447,167.3218745
0.2448,167.3026223
0.2449,167.2833599
0.245,167.2640873
0.2451,167.2448045
0.2452,167.2255115
0.2453,167.2062084
0.2454,167.1868952
0.2455,167.1675719
0.2456,167.1482385
0.2457,167.1288951
0.2458,167.1095418
0.2459,167.0901784
0.246,167.0708052
0.2461,167.051422
0.2462,167.0320289
0.2463,167.012626
0.2464,166.9932133
0.2465,166.9737908
0.2466,166.9543585
0.2467,166.9349165
0.2468,166.9154648
0.2469,166.8960034
0.247,166.8765324
0.2471,166.8570518
0.2472,166.8375615
0.2473,166.8180617
0.2474,166.7985524
0.2475,166.7790336
0.2476,166.7595053
0.2477,166.7399676
0.2478,166.7204205
0.2479,166.700864
0.248,166.6812981
0.2481,166.661723
0.2482,166.6421385
0.2483,166.6225448
0.2484,166.6029418
0.2485,166.5833297
0.2486,166.5637084
0.2487,166.5440779
0.2488,166.5244383
0.2489,166.5047897
0.249,166.485132
0.2491,166.4654653
0.2492,166.4457896
0.2493,166.426105
0.2494,166.4064114
0.2495,166.3867089
0.2496,166.3669976
0.2497,166.3472774
0.2498,166.3275485
0.2499,166.3078108
0.25,166.2880643
0.2501,166.2683091
0.2502,166.2485452
0.2503,166.2287727
0.2504,166.2089916
0.2505,166.1892019
0.2506,166.1694036
0.2507,166.1495968
0.2508,166.1297816
0.2509,166.1099578
0.251,166.0901257
0.2511,166.0702851
0.2512,166.0504362
0.2513,166.0305789
0.2514,166.0107134
0.2515,165.9908396
0.2516,165.9709575
0.2517,165.9510672
0.2518,165.9311688
0.2519,165.9112622
0.252,165.8913475
0.2521,165.8714247
0.2522,165.8514939
0.2523,165.8315551
0.2524,165.8116083
0.2525,165.7916535
0.2526,165.7716908
0.2527,165.7517202
0.2528,165.7317418
0.2529,165.7117556
0.253,165.6917615
0.2531,165.6717597
0.2532,165.6517502
0.2533,165.631733
0.2534,165.6117082
0.2535,165.5916757
0.2536,165.5716356
0.2537,165.551588
0.2538,165.5315328
0.2539,165.5114702
0.254,165.4914
0.2541,165.4713225
0.2542,165.4512376
0.2543,165.4311453
0.2544,165.4110456
0.2545,165.3909387
0.2546,165.3708245
0.2547,165.3507031
0.2548,165.3305745
0.2549,165.3104387
0.255,165.2902958
0.2551,165.2701458
0.2552,165.2499887
0.2553,165.2298247
0.2554,165.2096536
0.2555,165.1894755
0.2556,165.1692905
0.2557,165.1490987
0.2558,165.1288999
0.2559,165.1086944
0.256,165.088482
0.2561,165.0682629
0.2562,165.0480371
0.2563,165.0278046
0.2564,165.0075654
0.2565,164.9873196
0.2566,164.9670672
0.2567,164.9468082
0.2568,164.9265428
0.2569,164.9062708
0.257,164.8859924
0.2571,164.8657076
0.2572,164.8454164
0.2573,164.8251188
0.2574,164.8048149
0.2575,164.7845048
0.2576,164.7641884
0.2577,164.7438657
0.2578,164.7235369
0.2579,164.703202
0.258,164.682861
0.2581,164.6625139
0.2582,164.6421607
0.2583,164.6218016
0.2584,164.6014364
0.2585,164.5810654
0.2586,164.5606884
0.2587,164.5403056
0.2588,164.5199169
0.2589,164.4995225
0.259,164.4791223
0.2591,164.4587164
0.2592,164.4383048
0.2593,164.4178875
0.2594,164.3974646
0.2595,164.3770361
0.2596,164.3566021
0.2597,164.3361626
0.2598,164.3157176
0.2599,164.2952671
0.26,164.2748113
0.2601,164.25435
0.2602,164.2338835
0.2603,164.2134116
0.2604,164.1929345
0.2605,164.1724521
0.2606,164.1519646
0.2607,164.1314719
0.2608,164.110974
0.2609,164.0904711
0.261,164.0699632
0.2611,164.0494502
0.2612,164.0289322
0.2613,164.0084093
0.2614,163.9878815
0.2615,163.9673488
0.2616,163.9468113
0.2617,163.926269
0.2618,163.9057219
0.2619,163.8851701
0.262,163.8646136
0.2621,163.8440525
0.2622,163.8234867
0.2623,163.8029163
0.2624,163.7823414
0.2625,163.761762
0.2626,163.7411782
0.2627,163.7205898
0.2628,163.6999971
0.2629,163.6794
0.263,163.6587986
0.2631,163.6381929
0.2632,163.617583
0.2633,163.5969688
0.2634,163.5763504
0.2635,163.5557279
0.2636,163.5351013
0.2637,163.5144706
0.2638,163.4938359
0.2639,163.4731972
0.264,163.4525545
0.2641,163.4319079
0.2642,163.4112574
0.2643,163.390603
0.2644,163.3699449
0.2645,163.3492829
0.2646,163.3286172
0.2647,163.3079478
0.2648,163.2872748
0.2649,163.2665981
0.265,163.2459178
0.2651,163.225234
0.2652,163.2045466
0.2653,163.1838558
0.2654,163.1631615
0.2655,163.1424638
0.2656,163.1217627
0.2657,163.1010583
0.2658,163.0803506
0.2659,163.0596397
0.266,163.0389255
0.2661,163.0182081
0.2662,162.9974876
0.2663,162.976764
0.2664,162.9560373
0.2665,162.9353076
0.2666,162.9145749
0.2667,162.8938392
0.2668,162.8731006
0.2669,162.8523591
0.267,162.8316147
0.2671,162.8108676
0.2672,162.7901176
0.2673,162.769365
0.2674,162.7486096
0.2675,162.7278516
0.2676,162.7070909
0.2677,162.6863277
0.2678,162.6655619
0.2679,162.6447936
0.268,162.6240228
0.2681,162.6032496
0.2682,162.582474
0.2683,162.5616961
0.2684,162.5409158
0.2685,162.5201332
0.2686,162.4993484
0.2687,162.4785614
0.2688,162.4577722
0.2689,162.4369809
0.269,162.4161875
0.2691,162.395392
0.2692,162.3745945
0.2693,162.3537951
0.2694,162.3329936
0.2695,162.3121903
0.2696,162.2913851
0.2697,162.2705781
0.2698,162.2497693
0.2699,162.2289588
0.27,162.2081465
0.2701,162.1873326
0.2702,162.166517
0.2703,162.1456998
0.2704,162.1248811
0.2705,162.1040608
0.2706,162.083239
0.2707,162.0624158
0.2708,162.0415912
0.2709,162.0207652
0.271,161.9999379
0.2711,161.9791093
0.2712,161.9582795
0.2713,161.9374484
0.2714,161.9166161
0.2715,161.8957827
0.2716,161.8749482
0.2717,161.8541126
0.2718,161.833276
0.2719,161.8124384
0.272,161.7915999
0.2721,161.7707605
0.2722,161.7499201
0.2723,161.729079
0.2724,161.708237
0.2725,161.6873943
0.2726,161.6665509
0.2727,161.6457068
0.2728,161.624862
0.2729,161.6040167
0.273,161.5831708
0.2731,161.5623243
0.2732,161.5414774
0.2733,161.52063
0.2734,161.4997822
0.2735,161.478934
0.2736,161.4580855
0.2737,161.4372367
0.2738,161.4163877
0.2739,161.3955384
0.274,161.3746889
0.2741,161.3538393
0.2742,161.3329896
0.2743,161.3121399
0.2744,161.2912901
0.2745,161.2704403
0.2746,161.2495906
0.2747,161.2287409
0.2748,161.2078914
0.2749,161.1870421
0.275,161.166193
0.2751,161.1453441
0.2752,161.1244955
0.2753,161.1036472
0.2754,161.0827993
0.2755,161.0619518
0.2756,161.0411047
0.2757,161.0202581
0.2758,160.999412
0.2759,160.9785664
0.276,160.9577215
0.2761,160.9368772
0.2762,160.9160335
0.2763,160.8951906
0.2764,160.8743484
0.2765,160.853507
0.2766,160.8326665
0.2767,160.8118268
0.2768,160.790988
0.2769,160.7701501
0.277,160.7493132
0.2771,160.7284773
0.2772,160.7076425
0.2773,160.6868088
0.2774,160.6659763
0.2775,160.6451449
0.2776,160.6243147
0.2777,160.6034857
0.2778,160.5826581
0.2779,160.5618318
0.278,160.5410068
0.2781,160.5201833
0.2782,160.4993612
0.2783,160.4785406
0.2784,160.4577215
0.2785,160.4369039
0.2786,160.416088
0.2787,160.3952737
0.2788,160.3744611
0.2789,160.3536502
0.279,160.3328411
0.2791,160.3120337
0.2792,160.2912282
0.2793,160.2704246
0.2794,160.2496228
0.2795,160.228823
0.2796,160.2080252
0.2797,160.1872295
0.2798,160.1664358
0.2799,160.1456442
0.28,160.1248547
0.2801,160.1040674
0.2802,160.0832824
0.2803,160.0624996
0.2804,160.0417191
0.2805,160.0209409
0.2806,160.0001651
0.2807,159.9793917
0.2808,159.9586208
0.2809,159.9378524
0.281,159.9170865
0.2811,159.8963231
0.2812,159.8755624
0.2813,159.8548043
0.2814,159.8340489
0.2815,159.8132962
0.2816,159.7925463
0.2817,159.7717992
0.2818,159.7510549
0.2819,159.7303135
0.282,159.709575
0.2821,159.6888395
0.2822,159.6681069
0.2823,159.6473774
0.2824,159.626651
0.2825,159.6059276
0.2826,159.5852074
0.2827,159.5644904
0.2828,159.5437767
0.2829,159.5230661
0.283,159.5023589
0.2831,159.4816551
0.2832,159.4609546
0.2833,159.4402575
0.2834,159.4195639
0.2835,159.3988737
0.2836,159.3781871
0.2837,159.3575041
0.2838,159.3368247
0.2839,159.3161489
0.284,159.2954768
0.2841,159.2748085
0.2842,159.2541439
0.2843,159.2334831
0.2844,159.2128261
0.2845,159.192173
0.2846,159.1715238
0.2847,159.1508786
0.2848,159.1302374
0.2849,159.1096002
0.285,159.0889671
0.2851,159.0683381
0.2852,159.0477132
0.2853,159.0270925
0.2854,159.0064761
0.2855,158.9858639
0.2856,158.9652559
0.2857,158.9446524
0.2858,158.9240532
0.2859,158.9034584
0.286,158.8828681
0.2861,158.8622822
0.2862,158.8417009
0.2863,158.8211242
0.2864,158.800552
0.2865,158.7799845
0.2866,158.7594217
0.2867,158.7388636
0.2868,158.7183102
0.2869,158.6977617
0.287,158.6772179
0.2871,158.6566791
0.2872,158.6361451
0.2873,158.6156161
0.2874,158.5950921
0.2875,158.5745731
0.2876,158.5540591
0.2877,158.5335503
0.2878,158.5130466
0.2879,158.492548
0.288,158.4720547
0.2881,158.4515666
0.2882,158.4310838
0.2883,158.4106063
0.2884,158.3901342
0.2885,158.3696675
0.2886,158.3492062
0.2887,158.3287504
0.2888,158.3083001
0.2889,158.2878554
0.289,158.2674162
0.2891,158.2469827
0.2892,158.2265548
0.2893,158.2061326
0.2894,158.1857162
0.2895,158.1653055
0.2896,158.1449007
0.2897,158.1245017
0.2898,158.1041086
0.2899,158.0837214
0.29,158.0633401
0.2901,158.0429649
0.2902,158.0225957
0.2903,158.0022326
0.2904,157.9818756
0.2905,157.9615247
0.2906,157.94118
0.2907,157.9208416
0.2908,157.9005094
0.2909,157.8801835
0.291,157.8598639
0.2911,157.8395507
0.2912,157.8192439
0.2913,157.7989436
0.2914,157.7786497
0.2915,157.7583624
0.2916,157.7380816
0.2917,157.7178074
0.2918,157.6975399
0.2919,157.677279
0.292,157.6570248
0.2921,157.6367773
0.2922,157.6165366
0.2923,157.5963028
0.2924,157.5760758
0.2925,157.5558557
0.2926,157.5356425
0.2927,157.5154362
0.2928,157.495237
0.2929,157.4750448
0.293,157.4548597
0.2931,157.4346816
0.2932,157.4145108
0.2933,157.3943471
0.2934,157.3741906
0.2935,157.3540414
0.2936,157.3338994
0.2937,157.3137648
0.2938,157.2936376
0.2939,157.2735177
0.294,157.2534053
0.2941,157.2333004
0.2942,157.2132029
0.2943,157.1931131
0.2944,157.1730308
0.2945,157.1529561
0.2946,157.132889
0.2947,157.1128297
0.2948,157.0927781
0.2949,157.0727342
0.295,157.0526982
0.2951,157.0326699
0.2952,157.0126496
0.2953,156.9926371
0.2954,156.9726326
0.2955,156.9526361
0.2956,156.9326476
0.2957,156.9126671
0.2958,156.8926947
0.2959,156.8727304
0.296,156.8527743
0.2961,156.8328264
0.2962,156.8128867
0.2963,156.7929553
0.2964,156.7730322
0.2965,156.7531174
0.2966,156.733211
0.2967,156.7133129
0.2968,156.6934234
0.2969,156.6735423
0.297,156.6536697
0.2971,156.6338056
0.2972,156.6139502
0.2973,156.5941033
0.2974,156.5742651
0.2975,156.5544356
0.2976,156.5346149
0.2977,156.5148029
0.2978,156.4949996
0.2979,156.4752052
0.298,156.4554197
0.2981,156.4356431
0.2982,156.4158754
0.2983,156.3961167
0.2984,156.3763669
0.2985,156.3566262
0.2986,156.3368946
0.2987,156.3171721
0.2988,156.2974588
0.2989,156.2777546
0.299,156.2580596
0.2991,156.2383739
0.2992,156.2186975
0.2993,156.1990303
0.2994,156.1793726
0.2995,156.1597242
0.2996,156.1400852
0.2997,156.1204557
0.2998,156.1008357
0.2999,156.0812252
0.3,156.0616242
0.3001,156.0420329
0.3002,156.0224512
0.3003,156.0028791
0.3004,155.9833167
0.3005,155.9637641
0.3006,155.9442212
0.3007,155.9246881
0.3008,155.9051649
0.3009,155.8856515
0.301,155.866148
0.3011,155.8466545
0.3012,155.8271709
0.3013,155.8076973
0.3014,155.7882338
0.3015,155.7687803
0.3016,155.7493369
0.3017,155.7299037
0.3018,155.7104806
0.3019,155.6910677
0.302,155.6716651
0.3021,155.6522727
0.3022,155.6328907
0.3023,155.613519
0.3024,155.5941576
0.3025,155.5748067
0.3026,155.5554662
0.3027,155.5361361
0.3028,155.5168166
0.3029,155.4975076
0.303,155.4782092
0.3031,155.4589214
0.3032,155.4396442
0.3033,155.4203777
0.3034,155.4011218
0.3035,155.3818768
0.3036,155.3626425
0.3037,155.3434189
0.3038,155.3242063
0.3039,155.3050045
0.304,155.2858136
0.3041,155.2666336
0.3042,155.2474646
0.3043,155.2283066
0.3044,155.2091596
0.3045,155.1900237
0.3046,155.1708989
0.3047,155.1517852
0.3048,155.1326826
0.3049,155.1135913
0.305,155.0945112
0.3051,155.0754423
0.3052,155.0563848
0.3053,155.0373385
0.3054,155.0183036
0.3055,154.9992801
0.3056,154.980268
0.3057,154.9612674
0.3058,154.9422783
0.3059,154.9233006
0.306,154.9043345
0.3061,154.88538
0.3062,154.8664371
0.3063,154.8475059
0.3064,154.8285863
0.3065,154.8096784
0.3066,154.7907822
0.3067,154.7718979
0.3068,154.7530253
0.3069,154.7341646
0.307,154.7153157
0.3071,154.6964787
0.3072,154.6776536
0.3073,154.6588405
0.3074,154.6400394
0.3075,154.6212503
0.3076,154.6024733
0.3077,154.5837083
0.3078,154.5649555
0.3079,154.5462148
0.308,154.5274863
0.3081,154.5087699
0.3082,154.4900659
0.3083,154.471374
0.3084,154.4526945
0.3085,154.4340273
0.3086,154.4153725
0.3087,154.3967301
0.3088,154.3781001
0.3089,154.3594825
0.309,154.3408775
0.3091,154.3222849
0.3092,154.3037049
0.3093,154.2851375
0.3094,154.2665826
0.3095,154.2480404
0.3096,154.2295109
0.3097,154.2109941
0.3098,154.19249
0.3099,154.1739986
0.31,154.15552
0.3101,154.1370543
0.3102,154.1186014
0.3103,154.1001614
0.3104,154.0817343
0.3105,154.0633201
0.3106,154.0449189
0.3107,154.0265306
0.3108,154.0081555
0.3109,153.9897933
0.311,153.9714443
0.3111,153.9531083
0.3112,153.9347855
0.3113,153.9164759
0.3114,153.8981795
0.3115,153.8798963
0.3116,153.8616264
0.3117,153.8433698
0.3118,153.8251265
0.3119,153.8068965
0.312,153.78868
0.3121,153.7704768
0.3122,153.7522871
0.3123,153.7341108
0.3124,153.7159481
0.3125,153.6977988
0.3126,153.6796631
0.3127,153.661541
0.3128,153.6434325
0.3129,153.6253377
0.313,153.6072565
0.3131,153.589189
0.3132,153.5711353
0.3133,153.5530952
0.3134,153.535069
0.3135,153.5170566
0.3136,153.499058
0.3137,153.4810733
0.3138,153.4631025
0.3139,153.4451456
0.314,153.4272027
0.3141,153.4092738
0.3142,153.3913588
0.3143,153.3734579
0.3144,153.3555711
0.3145,153.3376984
0.3146,153.3198397
0.3147,153.3019953
0.3148,153.284165
0.3149,153.2663489
0.315,153.248547
0.3151,153.2307594
0.3152,153.2129861
0.3153,153.1952271
0.3154,153.1774825
0.3155,153.1597522
0.3156,153.1420363
0.3157,153.1243349
0.3158,153.1066478
0.3159,153.0889753
0.316,153.0713173
0.3161,153.0536738
0.3162,153.0360449
0.3163,153.0184306
0.3164,153.0008309
0.3165,152.9832458
0.3166,152.9656754
0.3167,152.9481197
0.3168,152.9305787
0.3169,152.9130525
0.317,152.895541
0.3171,152.8780443
0.3172,152.8605625
0.3173,152.8430956
0.3174,152.8256435
0.3175,152.8082063
0.3176,152.7907841
0.3177,152.7733768
0.3178,152.7559845
0.3179,152.7386072
0.318,152.721245
0.3181,152.7038979
0.3182,152.6865658
0.3183,152.6692488
0.3184,152.651947
0.3185,152.6346604
0.3186,152.617389
0.3187,152.6001328
0.3188,152.5828918
0.3189,152.5656662
0.319,152.5484558
0.3191,152.5312607
0.3192,152.514081
0.3193,152.4969167
0.3194,152.4797678
0.3195,152.4626343
0.3196,152.4455163
0.3197,152.4284137
0.3198,152.4113267
0.3199,152.3942552
0.32,152.3771992
0.3201,152.3601588
0.3202,152.3431341
0.3203,152.3261249
0.3204,152.3091315
0.3205,152.2921537
0.3206,152.2751916
0.3207,152.2582452
0.3208,152.2413146
0.3209,152.2243998
0.321,152.2075008
0.3211,152.1906176
0.3212,152.1737502
0.3213,152.1568988
0.3214,152.1400633
0.3215,152.1232436
0.3216,152.10644
0.3217,152.0896523
0.3218,152.0728806
0.3219,152.0561249
0.322,152.0393853
0.3221,152.0226618
0.3222,152.0059544
0.3223,151.9892631
0.3224,151.9725879
0.3225,151.9559289
0.3226,151.9392861
0.3227,151.9226595
0.3228,151.9060492
0.3229,151.8894552
0.323,151.8728774
0.3231,151.8563159
0.3232,151.8397708
0.3233,151.823242
0.3234,151.8067297
0.3235,151.7902337
0.3236,151.7737541
0.3237,151.7572911
0.3238,151.7408445
0.3239,151.7244144
0.324,151.7080008
0.3241,151.6916038
0.3242,151.6752233
0.3243,151.6588594
0.3244,151.6425122
0.3245,151.6261816
0.3246,151.6098677
0.3247,151.5935704
0.3248,151.5772899
0.3249,151.561026
0.325,151.544779
0.3251,151.5285487
0.3252,151.5123352
0.3253,151.4961386
0.3254,151.4799588
0.3255,151.4637958
0.3256,151.4476498
0.3257,151.4315206
0.3258,151.4154084
0.3259,151.3993132
0.326,151.3832349
0.3261,151.3671736
0.3262,151.3511294
0.3263,151.3351022
0.3264,151.3190921
0.3265,151.303099
0.3266,151.2871231
0.3267,151.2711643
0.3268,151.2552227
0.3269,151.2392982
0.327,151.223391
0.3271,151.2075009
0.3272,151.1916281
0.3273,151.1757726
0.3274,151.1599343
0.3275,151.1441134
0.3276,151.1283098
0.3277,151.1125235
0.3278,151.0967546
0.3279,151.0810031
0.328,151.0652691
0.3281,151.0495524
0.3282,151.0338532
0.3283,151.0181715
0.3284,151.0025073
0.3285,150.9868606
0.3286,150.9712314
0.3287,150.9556198
0.3288,150.9400258
0.3289,150.9244494
0.329,150.9088906
0.3291,150.8933495
0.3292,150.877826
0.3293,150.8623202
0.3294,150.8468321
0.3295,150.8313618
0.3296,150.8159091
0.3297,150.8004743
0.3298,150.7850572
0.3299,150.769658
0.33,150.7542766
0.3301,150.738913
0.3302,150.7235673
0.3303,150.7082395
0.3304,150.6929296
0.3305,150.6776376
0.3306,150.6623636
0.3307,150.6471075
0.3308,150.6318694
0.3309,150.6166494
0.331,150.6014473
0.3311,150.5862634
0.3312,150.5710974
0.3313,150.5559496
0.3314,150.5408199
0.3315,150.5257083
0.3316,150.5106148
0.3317,150.4955395
0.3318,150.4804824
0.3319,150.4654435
0.332,150.4504229
0.3321,150.4354204
0.3322,150.4204363
0.3323,150.4054704
0.3324,150.3905228
0.3325,150.3755935
0.3326,150.3606826
0.3327,150.34579
0.3328,150.3309158
0.3329,150.31606
0.333,150.3012226
0.3331,150.2864037
0.3332,150.2716031
0.3333,150.2568211
0.3334,150.2420576
0.3335,150.2273125
0.3336,150.212586
0.3337,150.197878
0.3338,150.1831886
0.3339,150.1685178
0.334,150.1538655
0.3341,150.1392319
0.3342,150.1246169
0.3343,150.1100206
0.3344,150.095443
0.3345,150.080884
0.3346,150.0663437
0.3347,150.0518222
0.3348,150.0373194
0.3349,150.0228354
0.335,150.0083701
0.3351,149.9939237
0.3352,149.979496
0.3353,149.9650872
0.3354,149.9506973
0.3355,149.9363262
0.3356,149.921974
0.3357,149.9076407
0.3358,149.8933263
0.3359,149.8790309
0.336,149.8647544
0.3361,149.8504969
0.3362,149.8362584
0.3363,149.8220389
0.3364,149.8078384
0.3365,149.7936569
0.3366,149.7794946
0.3367,149.7653512
0.3368,149.751227
0.3369,149.7371219
0.337,149.7230359
0.3371,149.7089691
0.3372,149.6949214
0.3373,149.6808929
0.3374,149.6668836
0.3375,149.6528935
0.3376,149.6389226
0.3377,149.624971
0.3378,149.6110387
0.3379,149.5971256
0.338,149.5832318
0.3381,149.5693573
0.3382,149.5555021
0.3383,149.5416663
0.3384,149.5278498
0.3385,149.5140528
0.3386,149.5002751
0.3387,149.4865168
0.3388,149.4727779
0.3389,149.4590585
0.339,149.4453585
0.3391,149.431678
0.3392,149.418017
0.3393,149.4043755
0.3394,149.3907535
0.3395,149.3771511
0.3396,149.3635682
0.3397,149.3500048
0.3398,149.3364611
0.3399,149.3229369
0.34,149.3094324
0.3401,149.2959475
0.3402,149.2824822
0.3403,149.2690366
0.3404,149.2556106
0.3405,149.2422044
0.3406,149.2288178
0.3407,149.215451
0.3408,149.2021039
0.3409,149.1887766
0.341,149.175469
0.3411,149.1621812
0.3412,149.1489132
0.3413,149.1356651
0.3414,149.1224367
0.3415,149.1092282
0.3416,149.0960395
0.3417,149.0828707
0.3418,149.0697218
0.3419,149.0565928
0.342,149.0434838
0.3421,149.0303946
0.3422,149.0173254
0.3423,149.0042761
0.3424,148.9912468
0.3425,148.9782375
0.3426,148.9652482
0.3427,148.952279
0.3428,148.9393297
0.3429,148.9264005
0.343,148.9134914
0.3431,148.9006023
0.3432,148.8877333
0.3433,148.8748844
0.3434,148.8620557
0.3435,148.849247
0.3436,148.8364585
0.3437,148.8236902
0.3438,148.810942
0.3439,148.7982141
0.344,148.7855063
0.3441,148.7728187
0.3442,148.7601514
0.3443,148.7475043
0.3444,148.7348774
0.3445,148.7222709
0.3446,148.7096846
0.3447,148.6971186
0.3448,148.6845729
0.3449,148.6720475
0.345,148.6595425
0.3451,148.6470578
0.3452,148.6345935
0.3453,148.6221495
0.3454,148.6097259
0.3455,148.5973228
0.3456,148.58494
0.3457,148.5725777
0.3458,148.5602358
0.3459,148.5479144
0.346,148.5356135
0.3461,148.523333
0.3462,148.511073
0.3463,148.4988335
0.3464,148.4866146
0.3465,148.4744161
0.3466,148.4622382
0.3467,148.4500809
0.3468,148.4379442
0.3469,148.425828
0.347,148.4137324
0.3471,148.4016574
0.3472,148.3896031
0.3473,148.3775693
0.3474,148.3655563
0.3475,148.3535638
0.3476,148.3415921
0.3477,148.329641
0.3478,148.3177106
0.3479,148.305801
0.348,148.293912
0.3481,148.2820438
0.3482,148.2701963
0.3483,148.2583696
0.3484,148.2465636
0.3485,148.2347784
0.3486,148.223014
0.3487,148.2112705
0.3488,148.1995477
0.3489,148.1878457
0.349,148.1761646
0.3491,148.1645044
0.3492,148.152865
0.3493,148.1412464
0.3494,148.1296488
0.3495,148.1180721
0.3496,148.1065162
0.3497,148.0949813
0.3498,148.0834673
0.3499,148.0719743
0.35,148.0605022
0.3501,148.0490511
0.3502,148.0376209
0.3503,148.0262117
0.3504,148.0148236
0.3505,148.0034564
0.3506,147.9921103
0.3507,147.9807852
0.3508,147.9694811
0.3509,147.9581982
0.351,147.9469362
0.3511,147.9356954
0.3512,147.9244756
0.3513,147.9132769
0.3514,147.9020994
0.3515,147.8909429
0.3516,147.8798076
0.3517,147.8686935
0.3518,147.8576004
0.3519,147.8465286
0.352,147.8354779
0.3521,147.8244484
0.3522,147.8134401
0.3523,147.802453
0.3524,147.7914872
0.3525,147.7805425
0.3526,147.7696191
0.3527,147.7587169
0.3528,147.747836
0.3529,147.7369764
0.353,147.7261381
0.3531,147.715321
0.3532,147.7045252
0.3533,147.6937508
0.3534,147.6829976
0.3535,147.6722658
0.3536,147.6615553
0.3537,147.6508662
0.3538,147.6401985
0.3539,147.6295521
0.354,147.6189271
0.3541,147.6083235
0.3542,147.5977412
0.3543,147.5871804
0.3544,147.576641
0.3545,147.5661231
0.3546,147.5556266
0.3547,147.5451515
0.3548,147.5346979
0.3549,147.5242657
0.355,147.513855
0.3551,147.5034659
0.3552,147.4930982
0.3553,147.482752
0.3554,147.4724273
0.3555,147.4621242
0.3556,147.4518426
0.3557,147.4415825
0.3558,147.431344
0.3559,147.4211271
0.356,147.4109317
0.3561,147.4007579
0.3562,147.3906057
0.3563,147.3804751
0.3564,147.3703661
0.3565,147.3602787
0.3566,147.3502129
0.3567,147.3401688
0.3568,147.3301463
0.3569,147.3201455
0.357,147.3101664
0.3571,147.3002089
0.3572,147.2902731
0.3573,147.2803589
0.3574,147.2704665
0.3575,147.2605958
0.3576,147.2507468
0.3577,147.2409195
0.3578,147.231114
0.3579,147.2213302
0.358,147.2115681
0.3581,147.2018278
0.3582,147.1921093
0.3583,147.1824125
0.3584,147.1727376
0.3585,147.1630844
0.3586,147.153453
0.3587,147.1438434
0.3588,147.1342557
0.3589,147.1246897
0.359,147.1151457
0.3591,147.1056234
0.3592,147.096123
0.3593,147.0866445
0.3594,147.0771878
0.3595,147.067753
0.3596,147.0583401
0.3597,147.048949
0.3598,147.0395799
0.3599,147.0302327
0.36,147.0209074
0.3601,147.011604
0.3602,147.0023225
0.3603,146.993063
0.3604,146.9838254
0.3605,146.9746098
0.3606,146.9654161
0.3607,146.9562445
0.3608,146.9470948
0.3609,146.937967
0.361,146.9288613
0.3611,146.9197776
0.3612,146.9107158
0.3613,146.9016761
0.3614,146.8926584
0.3615,146.8836628
0.3616,146.8746892
0.3617,146.8657376
0.3618,146.8568081
0.3619,146.8479006
0.362,146.8390152
0.3621,146.8301519
0.3622,146.8213107
0.3623,146.8124915
0.3624,146.8036945
0.3625,146.7949195
0.3626,146.7861667
0.3627,146.777436
0.3628,146.7687274
0.3629,146.7600409
0.363,146.7513766
0.3631,146.7427344
0.3632,146.7341144
0.3633,146.7255165
0.3634,146.7169408
0.3635,146.7083873
0.3636,146.699856
0.3637,146.6913468
0.3638,146.6828599
0.3639,146.6743951
0.364,146.6659526
0.3641,146.6575322
0.3642,146.6491341
0.3643,146.6407582
0.3644,146.6324046
0.3645,146.6240732
0.3646,146.615764
0.3647,146.6074771
0.3648,146.5992125
0.3649,146.5909701
0.365,146.58275
0.3651,146.5745522
0.3652,146.5663767
0.3653,146.5582234
0.3654,146.5500925
0.3655,146.5419839
0.3656,146.5338975
0.3657,146.5258335
0.3658,146.5177919
0.3659,146.5097725
0.366,146.5017755
0.3661,146.4938009
0.3662,146.4858485
0.3663,146.4779186
0.3664,146.470011
0.3665,146.4621258
0.3666,146.4542629
0.3667,146.4464224
0.3668,146.4386044
0.3669,146.4308087
0.367,146.4230354
0.3671,146.4152845
0.3672,146.407556
0.3673,146.3998499
0.3674,146.3921663
0.3675,146.3845051
0.3676,146.3768663
0.3677,146.36925
0.3678,146.3616561
0.3679,146.3540846
0.368,146.3465356
0.3681,146.3390091
0.3682,146.3315051
0.3683,146.3240235
0.3684,146.3165644
0.3685,146.3091277
0.3686,146.3017136
0.3687,146.294322
0.3688,146.2869528
0.3689,146.2796062
0.369,146.2722821
0.3691,146.2649805
0.3692,146.2577014
0.3693,146.2504449
0.3694,146.2432109
0.3695,146.2359994
0.3696,146.2288104
0.3697,146.2216441
0.3698,146.2145002
0.3699,146.207379
0.37,146.2002803
0.3701,146.1932041
0.3702,146.1861506
0.3703,146.1791196
0.3704,146.1721112
0.3705,146.1651254
0.3706,146.1581622
0.3707,146.1512215
0.3708,146.1443035
0.3709,146.1374082
0.371,146.1305354
0.3711,146.1236852
0.3712,146.1168577
0.3713,146.1100528
0.3714,146.1032705
0.3715,146.0965109
0.3716,146.0897739
0.3717,146.0830596
0.3718,146.0763679
0.3719,146.0696988
0.372,146.0630525
0.3721,146.0564288
0.3722,146.0498278
0.3723,146.0432494
0.3724,146.0366938
0.3725,146.0301608
0.3726,146.0236505
0.3727,146.0171629
0.3728,146.010698
0.3729,146.0042559
0.373,145.9978364
0.3731,145.9914396
0.3732,145.9850656
0.3733,145.9787143
0.3734,145.9723857
0.3735,145.9660798
0.3736,145.9597967
0.3737,145.9535363
0.3738,145.9472986
0.3739,145.9410837
0.374,145.9348916
0.3741,145.9287222
0.3742,145.9225756
0.3743,145.9164517
0.3744,145.9103506
0.3745,145.9042723
0.3746,145.8982168
0.3747,145.892184
0.3748,145.886174
0.3749,145.8801868
0.375,145.8742225
0.3751,145.8682809
0.3752,145.8623621
0.3753,145.8564661
0.3754,145.8505929
0.3755,145.8447425
0.3756,145.838915
0.3757,145.8331103
0.3758,145.8273284
0.3759,145.8215693
0.376,145.8158331
0.3761,145.8101197
0.3762,145.8044291
0.3763,145.7987614
0.3764,145.7931165
0.3765,145.7874945
0.3766,145.7818953
0.3767,145.776319
0.3768,145.7707656
0.3769,145.765235
0.377,145.7597273
0.3771,145.7542425
0.3772,145.7487805
0.3773,145.7433414
0.3774,145.7379252
0.3775,145.7325319
0.3776,145.7271615
0.3777,145.721814
0.3778,145.7164894
0.3779,145.7111877
0.378,145.7059088
0.3781,145.7006529
0.3782,145.6954199
0.3783,145.6902098
0.3784,145.6850227
0.3785,145.6798584
0.3786,145.6747171
0.3787,145.6695987
0.3788,145.6645033
0.3789,145.6594307
0.379,145.6543811
0.3791,145.6493545
0.3792,145.6443508
0.3793,145.63937
0.3794,145.6344122
0.3795,145.6294773
0.3796,145.6245654
0.3797,145.6196765
0.3798,145.6148105
0.3799,145.6099675
0.38,145.6051474
0.3801,145.6003504
0.3802,145.5955763
0.3803,145.5908251
0.3804,145.586097
0.3805,145.5813918
0.3806,145.5767096
0.3807,145.5720504
0.3808,145.5674142
0.3809,145.562801
0.381,145.5582108
0.3811,145.5536436
0.3812,145.5490994
0.3813,145.5445782
0.3814,145.54008
0.3815,145.5356048
0.3816,145.5311526
0.3817,145.5267235
0.3818,145.5223174
0.3819,145.5179342
0.382,145.5135741
0.3821,145.5092371
0.3822,145.504923
0.3823,145.500632
0.3824,145.4963641
0.3825,145.4921191
0.3826,145.4878972
0.3827,145.4836984
0.3828,145.4795226
0.3829,145.4753698
0.383,145.4712401
0.3831,145.4671334
0.3832,145.4630498
0.3833,145.4589892
0.3834,145.4549517
0.3835,145.4509373
0.3836,145.4469459
0.3837,145.4429776
0.3838,145.4390324
0.3839,145.4351102
0.384,145.4312111
0.3841,145.4273351
0.3842,145.4234821
0.3843,145.4196523
0.3844,145.4158455
0.3845,145.4120618
0.3846,145.4083011
0.3847,145.4045636
0.3848,145.4008492
0.3849,145.3971578
0.385,145.3934895
0.3851,145.3898444
0.3852,145.3862223
0.3853,145.3826233
0.3854,145.3790475
0.3855,145.3754947
0.3856,145.3719651
0.3857,145.3684585
0.3858,145.3649751
0.3859,145.3615147
0.386,145.3580775
0.3861,145.3546634
0.3862,145.3512724
0.3863,145.3479046
0.3864,145.3445598
0.3865,145.3412382
0.3866,145.3379397
0.3867,145.3346643
0.3868,145.3314121
0.3869,145.328183
0.387,145.324977
0.3871,145.3217941
0.3872,145.3186344
0.3873,145.3154978
0.3874,145.3123844
0.3875,145.3092941
0.3876,145.3062269
0.3877,145.3031829
0.3878,145.300162
0.3879,145.2971643
0.388,145.2941897
0.3881,145.2912382
0.3882,145.28831
0.3883,145.2854048
0.3884,145.2825228
0.3885,145.279664
0.3886,145.2768284
0.3887,145.2740158
0.3888,145.2712265
0.3889,145.2684603
0.389,145.2657173
0.3891,145.2629974
0.3892,145.2603007
0.3893,145.2576272
0.3894,145.2549768
0.3895,145.2523496
0.3896,145.2497456
0.3897,145.2471647
0.3898,145.244607
0.3899,145.2420725
0.39,145.2395612
0.3901,145.237073
0.3902,145.234608
0.3903,145.2321662
0.3904,145.2297476
0.3905,145.2273521
0.3906,145.2249799
0.3907,145.2226308
0.3908,145.2203049
0.3909,145.2180022
0.391,145.2157227
0.3911,145.2134663
0.3912,145.2112332
0.3913,145.2090232
0.3914,145.2068364
0.3915,145.2046729
0.3916,145.2025325
0.3917,145.2004153
0.3918,145.1983213
0.3919,145.1962505
0.392,145.1942029
0.3921,145.1921784
0.3922,145.1901772
0.3923,145.1881992
0.3924,145.1862444
0.3925,145.1843128
0.3926,145.1824044
0.3927,145.1805191
0.3928,145.1786571
0.3929,145.1768183
0.393,145.1750027
0.3931,145.1732103
0.3932,145.1714411
0.3933,145.1696951
0.3934,145.1679724
0.3935,145.1662728
0.3936,145.1645964
0.3937,145.1629433
0.3938,145.1613133
0.3939,145.1597066
0.394,145.1581231
0.3941,145.1565627
0.3942,145.1550256
0.3943,145.1535117
0.3944,145.1520211
0.3945,145.1505536
0.3946,145.1491093
0.3947,145.1476883
0.3948,145.1462905
0.3949,145.1449159
0.395,145.1435645
0.3951,145.1422363
0.3952,145.1409313
0.3953,145.1396496
0.3954,145.1383911
0.3955,145.1371558
0.3956,145.1359437
0.3957,145.1347548
0.3958,145.1335892
0.3959,145.1324467
0.396,145.1313275
0.3961,145.1302315
0.3962,145.1291587
0.3963,145.1281092
0.3964,145.1270828
0.3965,145.1260797
0.3966,145.1250998
0.3967,145.1241432
0.3968,145.1232097
0.3969,145.1222995
0.397,145.1214125
0.3971,145.1205487
0.3972,145.1197081
0.3973,145.1188907
0.3974,145.1180966
0.3975,145.1173257
0.3976,145.116578
0.3977,145.1158536
0.3978,145.1151523
0.3979,145.1144743
0.398,145.1138195
0.3981,145.1131879
0.3982,145.1125796
0.3983,145.1119944
0.3984,145.1114325
0.3985,145.1108938
0.3986,145.1103784
0.3987,145.1098861
0.3988,145.1094171
0.3989,145.1089713
0.399,145.1085487
0.3991,145.1081493
0.3992,145.1077732
0.3993,145.1074203
0.3994,145.1070906
0.3995,145.1067841
0.3996,145.1065008
0.3997,145.1062408
0.3998,145.1060039
0.3999,145.1057903
0.4,145.1055999
