0,65633.40035
0.0001,65633.5428
0.0002,65633.96661
0.0003,65634.6737
0.0004,65635.66407
0.0005,65636.93772
0.0006,65638.49463
0.0007,65640.33483
0.0008,65642.45829
0.0009,65644.86503
0.001,65647.55503
0.0011,65650.52831
0.0012,65653.78485
0.0013,65657.32465
0.0014,65661.14772
0.0015,65665.25405
0.0016,65669.64363
0.0017,65674.31647
0.0018,65679.27255
0.0019,65684.51189
0.002,65690.03447
0.0021,65695.84029
0.0022,65701.92935
0.0023,65708.30164
0.0024,65714.95716
0.0025,65721.89591
0.0026,65729.11788
0.0027,65736.62306
0.0028,65744.41146
0.0029,65752.48306
0.003,65760.83786
0.0031,65769.47586
0.0032,65778.39705
0.0033,65787.60143
0.0034,65797.08898
0.0035,65806.85971
0.0036,65816.91361
0.0037,65827.25066
0.0038,65837.87088
0.0039,65848.77423
0.004,65859.96073
0.0041,65871.43037
0.0042,65883.18313
0.0043,65895.21901
0.0044,65907.538
0.0045,65920.14009
0.0046,65933.02528
0.0047,65946.19356
0.0048,65959.64491
0.0049,65973.37934
0.005,65987.39683
0.0051,66001.69737
0.0052,66016.28096
0.0053,66031.14759
0.0054,66046.29723
0.0055,66061.7299
0.0056,66077.44557
0.0057,66093.44424
0.0058,66109.72589
0.0059,66126.29053
0.006,66143.13812
0.0061,66160.26868
0.0062,66177.68217
0.0063,66195.3786
0.0064,66213.35796
0.0065,66231.62022
0.0066,66250.16538
0.0067,66268.99344
0.0068,66288.10437
0.0069,66307.49816
0.007,66327.1748
0.0071,66347.13429
0.0072,66367.3766
0.0073,66387.90172
0.0074,66408.70965
0.0075,66429.80036
0.0076,66451.17385
0.0077,66472.8301
0.0078,66494.7691
0.0079,66516.99084
0.008,66539.49529
0.0081,66562.28245
0.0082,66585.3523
0.0083,66608.70483
0.0084,66632.34002
0.0085,66656.25786
0.0086,66680.45833
0.0087,66704.94142
0.0088,66729.70711
0.0089,66754.75539
0.009,66780.08624
0.0091,66805.69964
0.0092,66831.59558
0.0093,66857.77405
0.0094,66884.23502
0.0095,66910.97848
0.0096,66938.00441
0.0097,66965.3128
0.0098,66992.90362
0.0099,67020.77687
0.01,67048.93252
0.0101,67077.37056
0.0102,67106.09096
0.0103,67135.09372
0.0104,67164.37881
0.0105,67193.94621
0.0106,67223.7959
0.0107,67253.92787
0.0108,67284.3421
0.0109,67315.03857
0.011,67346.01726
0.0111,67377.27814
0.0112,67408.82121
0.0113,67440.64643
0.0114,67472.7538
0.0115,67505.14328
0.0116,67537.81487
0.0117,67570.76853
0.0118,67604.00425
0.0119,67637.52201
0.012,67671.32179
0.0121,67705.40356
0.0122,67739.76731
0.0123,67774.41301
0.0124,67809.34063
0.0125,67844.55017
0.0126,67880.0416
0.0127,67915.81488
0.0128,67951.87001
0.0129,67988.20696
0.013,68024.82571
0.0131,68061.72623
0.0132,68098.9085
0.0133,68136.37249
0.0134,68174.1182
0.0135,68212.14558
0.0136,68250.45461
0.0137,68289.04528
0.0138,68327.91756
0.0139,68367.07142
0.014,68406.50684
0.0141,68446.22379
0.0142,68486.22225
0.0143,68526.5022
0.0144,68567.06361
0.0145,68607.90644
0.0146,68649.03069
0.0147,68690.43632
0.0148,68732.12331
0.0149,68774.09162
0.015,68816.34124
0.0151,68858.87214
0.0152,68901.68429
0.0153,68944.77766
0.0154,68988.15223
0.0155,69031.80797
0.0156,69075.74485
0.0157,69119.96285
0.0158,69164.46193
0.0159,69209.24208
0.016,69254.30325
0.0161,69299.64543
0.0162,69345.26858
0.0163,69391.17268
0.0164,69437.35769
0.0165,69483.8236
0.0166,69530.57036
0.0167,69577.59796
0.0168,69624.90635
0.0169,69672.49551
0.017,69720.36542
0.0171,69768.51604
0.0172,69816.94734
0.0173,69865.65929
0.0174,69914.65186
0.0175,69963.92502
0.0176,70013.47874
0.0177,70063.31298
0.0178,70113.42773
0.0179,70163.82294
0.018,70214.49858
0.0181,70265.45462
0.0182,70316.69104
0.0183,70368.20779
0.0184,70420.00485
0.0185,70472.08218
0.0186,70524.43975
0.0187,70577.07753
0.0188,70629.99549
0.0189,70683.19359
0.019,70736.6718
0.0191,70790.43008
0.0192,70844.46841
0.0193,70898.78674
0.0194,70953.38505
0.0195,71008.26329
0.0196,71063.42145
0.0197,71118.85947
0.0198,71174.57733
0.0199,71230.57499
0.02,71286.85242
0.0201,71343.40958
0.0202,71400.24644
0.0203,71457.36295
0.0204,71514.7591
0.0205,71572.43483
0.0206,71630.39011
0.0207,71688.62491
0.0208,71747.13919
0.0209,71805.93292
0.021,71865.00605
0.0211,71924.35855
0.0212,71983.99039
0.0213,72043.90152
0.0214,72104.09191
0.0215,72164.56152
0.0216,72225.31031
0.0217,72286.33825
0.0218,72347.6453
0.0219,72409.23141
0.022,72471.09656
0.0221,72533.24069
0.0222,72595.66378
0.0223,72658.36579
0.0224,72721.34666
0.0225,72784.60638
0.0226,72848.14489
0.0227,72911.96215
0.0228,72976.05813
0.0229,73040.43279
0.023,73105.08609
0.0231,73170.01798
0.0232,73235.22842
0.0233,73300.71738
0.0234,73366.48482
0.0235,73432.53068
0.0236,73498.85494
0.0237,73565.45755
0.0238,73632.33846
0.0239,73699.49765
0.024,73766.93506
0.0241,73834.65065
0.0242,73902.64438
0.0243,73970.91621
0.0244,74039.46609
0.0245,74108.29399
0.0246,74177.39986
0.0247,74246.78365
0.0248,74316.44533
0.0249,74386.38485
0.025,74456.60216
0.0251,74527.09723
0.0252,74597.87001
0.0253,74668.92045
0.0254,74740.24851
0.0255,74811.85414
0.0256,74883.73731
0.0257,74955.89797
0.0258,75028.33606
0.0259,75101.05155
0.026,75174.04439
0.0261,75247.31454
0.0262,75320.86195
0.0263,75394.68657
0.0264,75468.78836
0.0265,75543.16727
0.0266,75617.82325
0.0267,75692.75627
0.0268,75767.96626
0.0269,75843.45319
0.027,75919.21701
0.0271,75995.25767
0.0272,76071.57513
0.0273,76148.16933
0.0274,76225.04023
0.0275,76302.18777
0.0276,76379.61193
0.0277,76457.31263
0.0278,76535.28984
0.0279,76613.54351
0.028,76692.07358
0.0281,76770.88002
0.0282,76849.96277
0.0283,76929.32177
0.0284,77008.95699
0.0285,77088.86837
0.0286,77169.05587
0.0287,77249.51942
0.0288,77330.25899
0.0289,77411.27452
0.029,77492.56596
0.0291,77574.13326
0.0292,77655.97637
0.0293,77738.09525
0.0294,77820.48983
0.0295,77903.16006
0.0296,77986.10591
0.0297,78069.3273
0.0298,78152.8242
0.0299,78236.59655
0.03,78320.64429
0.0301,78404.96738
0.0302,78489.56577
0.0303,78574.43939
0.0304,78659.5882
0.0305,78745.01215
0.0306,78830.71118
0.0307,78916.68524
0.0308,79002.93427
0.0309,79089.45822
0.031,79176.25704
0.0311,79263.33067
0.0312,79350.67906
0.0313,79438.30216
0.0314,79526.1999
0.0315,79614.37224
0.0316,79702.81913
0.0317,79791.54049
0.0318,79880.53629
0.0319,79969.80646
0.032,80059.35096
0.0321,80149.16971
0.0322,80239.26268
0.0323,80329.62979
0.0324,80420.27101
0.0325,80511.18626
0.0326,80602.37549
0.0327,80693.83865
0.0328,80785.57568
0.0329,80877.58652
0.033,80969.87112
0.0331,81062.42942
0.0332,81155.26135
0.0333,81248.36687
0.0334,81341.74591
0.0335,81435.39842
0.0336,81529.32434
0.0337,81623.5236
0.0338,81717.99616
0.0339,81812.74195
0.034,81907.76092
0.0341,82003.05299
0.0342,82098.61813
0.0343,82194.45626
0.0344,82290.56733
0.0345,82386.95127
0.0346,82483.60803
0.0347,82580.53755
0.0348,82677.73976
0.0349,82775.21461
0.035,82872.96204
0.0351,82970.98198
0.0352,83069.27438
0.0353,83167.83917
0.0354,83266.67629
0.0355,83365.78568
0.0356,83465.16727
0.0357,83564.82102
0.0358,83664.74685
0.0359,83764.94471
0.036,83865.41452
0.0361,83966.15623
0.0362,84067.16978
0.0363,84168.45511
0.0364,84270.01214
0.0365,84371.84082
0.0366,84473.94108
0.0367,84576.31286
0.0368,84678.95611
0.0369,84781.87074
0.037,84885.0567
0.0371,84988.51393
0.0372,85092.24236
0.0373,85196.24193
0.0374,85300.51256
0.0375,85405.05421
0.0376,85509.8668
0.0377,85614.95026
0.0378,85720.30454
0.0379,85825.92956
0.038,85931.82526
0.0381,86037.99158
0.0382,86144.42845
0.0383,86251.1358
0.0384,86358.11357
0.0385,86465.36169
0.0386,86572.88009
0.0387,86680.66871
0.0388,86788.72749
0.0389,86897.05634
0.039,87005.65521
0.0391,87114.52403
0.0392,87223.66273
0.0393,87333.07124
0.0394,87442.7495
0.0395,87552.69744
0.0396,87662.91499
0.0397,87773.40207
0.0398,87884.15863
0.0399,87995.18459
0.04,88106.47989
0.0401,88218.04445
0.0402,88329.87821
0.0403,88441.9811
0.0404,88554.35304
0.0405,88666.99397
0.0406,88779.90382
0.0407,88893.08252
0.0408,89006.52999
0.0409,89120.24617
0.041,89234.23099
0.0411,89348.48437
0.0412,89463.00625
0.0413,89577.79655
0.0414,89692.85521
0.0415,89808.18214
0.0416,89923.77729
0.0417,90039.64057
0.0418,90155.77192
0.0419,90272.17127
0.042,90388.83853
0.0421,90505.77365
0.0422,90622.97654
0.0423,90740.44714
0.0424,90858.18537
0.0425,90976.19116
0.0426,91094.46443
0.0427,91213.00511
0.0428,91331.81314
0.0429,91450.88842
0.043,91570.2309
0.0431,91689.8405
0.0432,91809.71714
0.0433,91929.86074
0.0434,92050.27125
0.0435,92170.94857
0.0436,92291.89263
0.0437,92413.10336
0.0438,92534.58069
0.0439,92656.32454
0.044,92778.33483
0.0441,92900.61149
0.0442,93023.15444
0.0443,93145.9636
0.0444,93269.03891
0.0445,93392.38028
0.0446,93515.98763
0.0447,93639.8609
0.0448,93764
0.0449,93888.40486
0.045,94013.07539
0.0451,94138.01153
0.0452,94263.2132
0.0453,94388.68031
0.0454,94514.41279
0.0455,94640.41056
0.0456,94766.67354
0.0457,94893.20166
0.0458,95019.99484
0.0459,95147.05299
0.046,95274.37605
0.0461,95401.96392
0.0462,95529.81654
0.0463,95657.93381
0.0464,95786.31567
0.0465,95914.96204
0.0466,96043.87282
0.0467,96173.04795
0.0468,96302.48734
0.0469,96432.19092
0.047,96562.1586
0.0471,96692.3903
0.0472,96822.88594
0.0473,96953.64544
0.0474,97084.66872
0.0475,97215.9557
0.0476,97347.5063
0.0477,97479.32043
0.0478,97611.39802
0.0479,97743.73898
0.048,97876.34322
0.0481,98009.21068
0.0482,98142.34126
0.0483,98275.73488
0.0484,98409.39147
0.0485,98543.31093
0.0486,98677.49318
0.0487,98811.93815
0.0488,98946.64574
0.0489,99081.61588
0.049,99216.84848
0.0491,99352.34346
0.0492,99488.10073
0.0493,99624.1202
0.0494,99760.40181
0.0495,99896.94545
0.0496,100033.751
0.0497,100170.8185
0.0498,100308.1478
0.0499,100445.7387
0.05,100583.5913
0.0501,100721.7054
0.0502,100860.0809
0.0503,100998.7178
0.0504,101137.616
0.0505,101276.7754
0.0506,101416.1959
0.0507,101555.8773
0.0508,101695.8197
0.0509,101836.023
0.051,101976.487
0.0511,102117.2117
0.0512,102258.1969
0.0513,102399.4426
0.0514,102540.9488
0.0515,102682.7153
0.0516,102824.7419
0.0517,102967.0288
0.0518,103109.5757
0.0519,103252.3825
0.052,103395.4493
0.0521,103538.7758
0.0522,103682.362
0.0523,103826.2078
0.0524,103970.3132
0.0525,104114.6779
0.0526,104259.3021
0.0527,104404.1854
0.0528,104549.328
0.0529,104694.7296
0.053,104840.3902
0.0531,104986.3097
0.0532,105132.488
0.0533,105278.925
0.0534,105425.6206
0.0535,105572.5747
0.0536,105719.7873
0.0537,105867.2583
0.0538,106014.9875
0.0539,106162.9748
0.054,106311.2203
0.0541,106459.7237
0.0542,106608.485
0.0543,106757.5041
0.0544,106906.7809
0.0545,107056.3153
0.0546,107206.1073
0.0547,107356.1566
0.0548,107506.4633
0.0549,107657.0273
0.055,107807.8484
0.0551,107958.9265
0.0552,108110.2616
0.0553,108261.8536
0.0554,108413.7024
0.0555,108565.8078
0.0556,108718.1698
0.0557,108870.7883
0.0558,109023.6632
0.0559,109176.7944
0.056,109330.1818
0.0561,109483.8254
0.0562,109637.7249
0.0563,109791.8804
0.0564,109946.2916
0.0565,110100.9587
0.0566,110255.8813
0.0567,110411.0595
0.0568,110566.4931
0.0569,110722.1821
0.057,110878.1263
0.0571,111034.3257
0.0572,111190.7802
0.0573,111347.4896
0.0574,111504.4538
0.0575,111661.6728
0.0576,111819.1465
0.0577,111976.8748
0.0578,112134.8575
0.0579,112293.0946
0.058,112451.586
0.0581,112610.3316
0.0582,112769.3312
0.0583,112928.5849
0.0584,113088.0924
0.0585,113247.8537
0.0586,113407.8686
0.0587,113568.1372
0.0588,113728.6593
0.0589,113889.4347
0.059,114050.4634
0.0591,114211.7453
0.0592,114373.2803
0.0593,114535.0683
0.0594,114697.1092
0.0595,114859.4029
0.0596,115021.9492
0.0597,115184.7482
0.0598,115347.7996
0.0599,115511.1034
0.06,115674.6595
0.0601,115838.4678
0.0602,116002.5282
0.0603,116166.8405
0.0604,116331.4047
0.0605,116496.2207
0.0606,116661.2884
0.0607,116826.6076
0.0608,116992.1783
0.0609,117158.0004
0.061,117324.0737
0.0611,117490.3982
0.0612,117656.9738
0.0613,117823.8003
0.0614,117990.8776
0.0615,118158.2058
0.0616,118325.7845
0.0617,118493.6138
0.0618,118661.6935
0.0619,118830.0236
0.062,118998.6039
0.0621,119167.4343
0.0622,119336.5147
0.0623,119505.8451
0.0624,119675.4252
0.0625,119845.2551
0.0626,120015.3346
0.0627,120185.6635
0.0628,120356.2419
0.0629,120527.0695
0.063,120698.1463
0.0631,120869.4722
0.0632,121041.047
0.0633,121212.8707
0.0634,121384.9432
0.0635,121557.2643
0.0636,121729.8339
0.0637,121902.652
0.0638,122075.7184
0.0639,122249.033
0.064,122422.5958
0.0641,122596.4065
0.0642,122770.4651
0.0643,122944.7715
0.0644,123119.3256
0.0645,123294.1273
0.0646,123469.1764
0.0647,123644.4729
0.0648,123820.0167
0.0649,123995.8075
0.065,124171.8454
0.0651,124348.1302
0.0652,124524.6619
0.0653,124701.4402
0.0654,124878.4651
0.0655,125055.7366
0.0656,125233.2543
0.0657,125411.0184
0.0658,125589.0286
0.0659,125767.2848
0.066,125945.787
0.0661,126124.535
0.0662,126303.5287
0.0663,126482.768
0.0664,126662.2528
0.0665,126841.983
0.0666,127021.9584
0.0667,127202.179
0.0668,127382.6446
0.0669,127563.3552
0.067,127744.3106
0.0671,127925.5107
0.0672,128106.9554
0.0673,128288.6446
0.0674,128470.5781
0.0675,128652.7559
0.0676,128835.1779
0.0677,129017.8439
0.0678,129200.7538
0.0679,129383.9075
0.068,129567.3049
0.0681,129750.9459
0.0682,129934.8303
0.0683,130118.9581
0.0684,130303.3292
0.0685,130487.9433
0.0686,130672.8005
0.0687,130857.9006
0.0688,131043.2434
0.0689,131228.8289
0.069,131414.657
0.0691,131600.7275
0.0692,131787.0403
0.0693,131973.5953
0.0694,132160.3924
0.0695,132347.4315
0.0696,132534.7125
0.0697,132722.2352
0.0698,132909.9995
0.0699,133098.0053
0.07,133286.2525
0.0701,133474.741
0.0702,133663.4706
0.0703,133852.4413
0.0704,134041.6529
0.0705,134231.1054
0.0706,134420.7985
0.0707,134610.7322
0.0708,134800.9063
0.0709,134991.3208
0.071,135181.9755
0.0711,135372.8703
0.0712,135564.0051
0.0713,135755.3798
0.0714,135946.9942
0.0715,136138.8482
0.0716,136330.9418
0.0717,136523.2747
0.0718,136715.8469
0.0719,136908.6583
0.072,137101.7087
0.0721,137294.998
0.0722,137488.5261
0.0723,137682.2929
0.0724,137876.2982
0.0725,138070.542
0.0726,138265.0241
0.0727,138459.7444
0.0728,138654.7027
0.0729,138849.899
0.073,139045.3331
0.0731,139241.005
0.0732,139436.9144
0.0733,139633.0613
0.0734,139829.4456
0.0735,140026.0671
0.0736,140222.9256
0.0737,140420.0212
0.0738,140617.3536
0.0739,140814.9228
0.074,141012.7285
0.0741,141210.7708
0.0742,141409.0494
0.0743,141607.5643
0.0744,141806.3153
0.0745,142005.3023
0.0746,142204.5252
0.0747,142403.9839
0.0748,142603.6781
0.0749,142803.6079
0.075,143003.7731
0.0751,143204.1735
0.0752,143404.8091
0.0753,143605.6797
0.0754,143806.7851
0.0755,144008.1253
0.0756,144209.7002
0.0757,144411.5096
0.0758,144613.5534
0.0759,144815.8314
0.076,145018.3435
0.0761,145221.0897
0.0762,145424.0698
0.0763,145627.2836
0.0764,145830.7311
0.0765,146034.4121
0.0766,146238.3264
0.0767,146442.4741
0.0768,146646.8548
0.0769,146851.4686
0.077,147056.3152
0.0771,147261.3946
0.0772,147466.7066
0.0773,147672.2511
0.0774,147878.028
0.0775,148084.0371
0.0776,148290.2783
0.0777,148496.7516
0.0778,148703.4566
0.0779,148910.3935
0.078,149117.5619
0.0781,149324.9618
0.0782,149532.593
0.0783,149740.4555
0.0784,149948.549
0.0785,150156.8736
0.0786,150365.4289
0.0787,150574.215
0.0788,150783.2316
0.0789,150992.4787
0.079,151201.9561
0.0791,151411.6636
0.0792,151621.6013
0.0793,151831.7688
0.0794,152042.1662
0.0795,152252.7932
0.0796,152463.6498
0.0797,152674.7357
0.0798,152886.0509
0.0799,153097.5953
0.08,153309.3687
0.0801,153521.371
0.0802,153733.602
0.0803,153946.0617
0.0804,154158.7498
0.0805,154371.6663
0.0806,154584.811
0.0807,154798.1838
0.0808,155011.7846
0.0809,155225.6132
0.081,155439.6695
0.0811,155653.9533
0.0812,155868.4646
0.0813,156083.2032
0.0814,156298.169
0.0815,156513.3617
0.0816,156728.7814
0.0817,156944.4279
0.0818,157160.301
0.0819,157376.4005
0.082,157592.7265
0.0821,157809.2787
0.0822,158026.057
0.0823,158243.0612
0.0824,158460.2913
0.0825,158677.7471
0.0826,158895.4284
0.0827,159113.3351
0.0828,159331.4672
0.0829,159549.8244
0.083,159768.4066
0.0831,159987.2137
0.0832,160206.2456
0.0833,160425.5021
0.0834,160644.9831
0.0835,160864.6884
0.0836,161084.6179
0.0837,161304.7715
0.0838,161525.149
0.0839,161745.7503
0.084,161966.5753
0.0841,162187.6238
0.0842,162408.8957
0.0843,162630.3909
0.0844,162852.1091
0.0845,163074.0504
0.0846,163296.2145
0.0847,163518.6013
0.0848,163741.2107
0.0849,163964.0425
0.085,164187.0966
0.0851,164410.3728
0.0852,164633.8711
0.0853,164857.5912
0.0854,165081.5331
0.0855,165305.6966
0.0856,165530.0815
0.0857,165754.6878
0.0858,165979.5152
0.0859,166204.5637
0.086,166429.8331
0.0861,166655.3233
0.0862,166881.0341
0.0863,167106.9654
0.0864,167333.117
0.0865,167559.4889
0.0866,167786.0808
0.0867,168012.8927
0.0868,168239.9243
0.0869,168467.1756
0.087,168694.6464
0.0871,168922.3365
0.0872,169150.2459
0.0873,169378.3744
0.0874,169606.7218
0.0875,169835.2881
0.0876,170064.073
0.0877,170293.0764
0.0878,170522.2982
0.0879,170751.7382
0.088,170981.3963
0.0881,171211.2724
0.0882,171441.3663
0.0883,171671.6779
0.0884,171902.207
0.0885,172132.9535
0.0886,172363.9172
0.0887,172595.0981
0.0888,172826.4958
0.0889,173058.1105
0.089,173289.9417
0.0891,173521.9895
0.0892,173754.2537
0.0893,173986.7342
0.0894,174219.4307
0.0895,174452.3432
0.0896,174685.4715
0.0897,174918.8155
0.0898,175152.375
0.0899,175386.1499
0.09,175620.14
0.0901,175854.3452
0.0902,176088.7653
0.0903,176323.4003
0.0904,176558.2499
0.0905,176793.314
0.0906,177028.5925
0.0907,177264.0852
0.0908,177499.792
0.0909,177735.7127
0.091,177971.8472
0.0911,178208.1953
0.0912,178444.757
0.0913,178681.5319
0.0914,178918.5201
0.0915,179155.7214
0.0916,179393.1355
0.0917,179630.7624
0.0918,179868.6019
0.0919,180106.6539
0.092,180344.9182
0.0921,180583.3947
0.0922,180822.0832
0.0923,181060.9836
0.0924,181300.0957
0.0925,181539.4195
0.0926,181778.9546
0.0927,182018.7011
0.0928,182258.6586
0.0929,182498.8272
0.093,182739.2066
0.0931,182979.7968
0.0932,183220.5974
0.0933,183461.6085
0.0934,183702.8298
0.0935,183944.2613
0.0936,184185.9027
0.0937,184427.7539
0.0938,184669.8147
0.0939,184912.0851
0.094,185154.5648
0.0941,185397.2537
0.0942,185640.1517
0.0943,185883.2586
0.0944,186126.5742
0.0945,186370.0985
0.0946,186613.8312
0.0947,186857.7723
0.0948,187101.9215
0.0949,187346.2787
0.095,187590.8437
0.0951,187835.6165
0.0952,188080.5968
0.0953,188325.7846
0.0954,188571.1796
0.0955,188816.7817
0.0956,189062.5907
0.0957,189308.6066
0.0958,189554.8291
0.0959,189801.258
0.096,190047.8934
0.0961,190294.7349
0.0962,190541.7825
0.0963,190789.036
0.0964,191036.4952
0.0965,191284.16
0.0966,191532.0302
0.0967,191780.1057
0.0968,192028.3864
0.0969,192276.872
0.097,192525.5624
0.0971,192774.4575
0.0972,193023.5571
0.0973,193272.8611
0.0974,193522.3693
0.0975,193772.0816
0.0976,194021.9977
0.0977,194272.1176
0.0978,194522.4411
0.0979,194772.9681
0.098,195023.6983
0.0981,195274.6316
0.0982,195525.768
0.0983,195777.1071
0.0984,196028.649
0.0985,196280.3933
0.0986,196532.34
0.0987,196784.4889
0.0988,197036.8399
0.0989,197289.3927
0.099,197542.1473
0.0991,197795.1035
0.0992,198048.2611
0.0993,198301.62
0.0994,198555.18
0.0995,198808.941
0.0996,199062.9027
0.0997,199317.0651
0.0998,199571.4281
0.0999,199825.9913
0.1,200080.7547
0.1001,200335.7182
0.1002,200590.8815
0.1003,200846.2445
0.1004,201101.8071
0.1005,201357.5691
0.1006,201613.5303
0.1007,201869.6907
0.1008,202126.0499
0.1009,202382.6079
0.101,202639.3645
0.1011,202896.3196
0.1012,203153.4729
0.1013,203410.8244
0.1014,203668.3739
0.1015,203926.1212
0.1016,204184.0662
0.1017,204442.2087
0.1018,204700.5485
0.1019,204959.0855
0.102,205217.8196
0.1021,205476.7505
0.1022,205735.8781
0.1023,205995.2023
0.1024,206254.7229
0.1025,206514.4397
0.1026,206774.3526
0.1027,207034.4614
0.1028,207294.766
0.1029,207555.2662
0.103,207815.9618
0.1031,208076.8527
0.1032,208337.9387
0.1033,208599.2196
0.1034,208860.6954
0.1035,209122.3658
0.1036,209384.2307
0.1037,209646.2899
0.1038,209908.5433
0.1039,210170.9906
0.104,210433.6318
0.1041,210696.4667
0.1042,210959.4951
0.1043,211222.7169
0.1044,211486.1318
0.1045,211749.7398
0.1046,212013.5406
0.1047,212277.5342
0.1048,212541.7203
0.1049,212806.0988
0.105,213070.6695
0.1051,213335.4323
0.1052,213600.3869
0.1053,213865.5334
0.1054,214130.8714
0.1055,214396.4008
0.1056,214662.1214
0.1057,214928.0332
0.1058,215194.1359
0.1059,215460.4293
0.106,215726.9134
0.1061,215993.5879
0.1062,216260.4526
0.1063,216527.5075
0.1064,216794.7523
0.1065,217062.187
0.1066,217329.8112
0.1067,217597.6249
0.1068,217865.6279
0.1069,218133.82
0.107,218402.2011
0.1071,218670.7711
0.1072,218939.5296
0.1073,219208.4766
0.1074,219477.612
0.1075,219746.9355
0.1076,220016.447
0.1077,220286.1463
0.1078,220556.0332
0.1079,220826.1077
0.108,221096.3695
0.1081,221366.8184
0.1082,221637.4544
0.1083,221908.2771
0.1084,222179.2866
0.1085,222450.4825
0.1086,222721.8648
0.1087,222993.4333
0.1088,223265.1877
0.1089,223537.128
0.109,223809.254
0.1091,224081.5655
0.1092,224354.0624
0.1093,224626.7444
0.1094,224899.6114
0.1095,225172.6633
0.1096,225445.8999
0.1097,225719.321
0.1098,225992.9264
0.1099,226266.716
0.11,226540.6896
0.1101,226814.8471
0.1102,227089.1883
0.1103,227363.7129
0.1104,227638.421
0.1105,227913.3122
0.1106,228188.3864
0.1107,228463.6434
0.1108,228739.0832
0.1109,229014.7055
0.111,229290.5101
0.1111,229566.4969
0.1112,229842.6657
0.1113,230119.0163
0.1114,230395.5486
0.1115,230672.2624
0.1116,230949.1576
0.1117,231226.2339
0.1118,231503.4913
0.1119,231780.9295
0.112,232058.5483
0.1121,232336.3477
0.1122,232614.3273
0.1123,232892.4872
0.1124,233170.827
0.1125,233449.3467
0.1126,233728.046
0.1127,234006.9248
0.1128,234285.9829
0.1129,234565.2202
0.113,234844.6365
0.1131,235124.2315
0.1132,235404.0052
0.1133,235683.9574
0.1134,235964.0879
0.1135,236244.3965
0.1136,236524.8831
0.1137,236805.5475
0.1138,237086.3895
0.1139,237367.409
0.114,237648.6058
0.1141,237929.9796
0.1142,238211.5305
0.1143,238493.2581
0.1144,238775.1623
0.1145,239057.2429
0.1146,239339.4998
0.1147,239621.9328
0.1148,239904.5417
0.1149,240187.3264
0.115,240470.2867
0.1151,240753.4223
0.1152,241036.7333
0.1153,241320.2193
0.1154,241603.8801
0.1155,241887.7158
0.1156,242171.726
0.1157,242455.9105
0.1158,242740.2693
0.1159,243024.8021
0.116,243309.5088
0.1161,243594.3892
0.1162,243879.4432
0.1163,244164.6705
0.1164,244450.071
0.1165,244735.6445
0.1166,245021.3908
0.1167,245307.3098
0.1168,245593.4013
0.1169,245879.6652
0.117,246166.1012
0.1171,246452.7092
0.1172,246739.489
0.1173,247026.4404
0.1174,247313.5633
0.1175,247600.8575
0.1176,247888.3229
0.1177,248175.9591
0.1178,248463.7662
0.1179,248751.7438
0.118,249039.8919
0.1181,249328.2103
0.1182,249616.6987
0.1183,249905.3571
0.1184,250194.1852
0.1185,250483.1828
0.1186,250772.3499
0.1187,251061.6862
0.1188,251351.1915
0.1189,251640.8657
0.119,251930.7086
0.1191,252220.72
0.1192,252510.8998
0.1193,252801.2478
0.1194,253091.7637
0.1195,253382.4475
0.1196,253673.299
0.1197,253964.318
0.1198,254255.5042
0.1199,254546.8576
0.12,254838.378
0.1201,255130.0652
0.1202,255421.9189
0.1203,255713.9392
0.1204,256006.1256
0.1205,256298.4782
0.1206,256590.9967
0.1207,256883.681
0.1208,257176.5308
0.1209,257469.546
0.121,257762.7264
0.1211,258056.0719
0.1212,258349.5823
0.1213,258643.2573
0.1214,258937.0969
0.1215,259231.1008
0.1216,259525.2689
0.1217,259819.601
0.1218,260114.0969
0.1219,260408.7565
0.122,260703.5795
0.1221,260998.5659
0.1222,261293.7153
0.1223,261589.0277
0.1224,261884.5029
0.1225,262180.1407
0.1226,262475.9409
0.1227,262771.9033
0.1228,263068.0278
0.1229,263364.3143
0.123,263660.7624
0.1231,263957.3721
0.1232,264254.1431
0.1233,264551.0753
0.1234,264848.1686
0.1235,265145.4227
0.1236,265442.8375
0.1237,265740.4127
0.1238,266038.1483
0.1239,266336.044
0.124,266634.0996
0.1241,266932.3151
0.1242,267230.6901
0.1243,267529.2246
0.1244,267827.9184
0.1245,268126.7712
0.1246,268425.7829
0.1247,268724.9534
0.1248,269024.2824
0.1249,269323.7698
0.125,269623.4154
0.1251,269923.219
0.1252,270223.1805
0.1253,270523.2996
0.1254,270823.5762
0.1255,271124.0101
0.1256,271424.6012
0.1257,271725.3492
0.1258,272026.2541
0.1259,272327.3155
0.126,272628.5333
0.1261,272929.9075
0.1262,273231.4377
0.1263,273533.1237
0.1264,273834.9656
0.1265,274136.9629
0.1266,274439.1157
0.1267,274741.4236
0.1268,275043.8866
0.1269,275346.5043
0.127,275649.2768
0.1271,275952.2037
0.1272,276255.285
0.1273,276558.5203
0.1274,276861.9097
0.1275,277165.4528
0.1276,277469.1495
0.1277,277772.9996
0.1278,278077.0029
0.1279,278381.1594
0.128,278685.4687
0.1281,278989.9307
0.1282,279294.5453
0.1283,279599.3122
0.1284,279904.2313
0.1285,280209.3024
0.1286,280514.5253
0.1287,280819.8998
0.1288,281125.4259
0.1289,281431.1032
0.129,281736.9316
0.1291,282042.911
0.1292,282349.0411
0.1293,282655.3218
0.1294,282961.7529
0.1295,283268.3343
0.1296,283575.0656
0.1297,283881.9469
0.1298,284188.9778
0.1299,284496.1583
0.13,284803.488
0.1301,285110.967
0.1302,285418.5949
0.1303,285726.3716
0.1304,286034.2969
0.1305,286342.3707
0.1306,286650.5928
0.1307,286958.9629
0.1308,287267.4809
0.1309,287576.1467
0.131,287884.96
0.1311,288193.9207
0.1312,288503.0286
0.1313,288812.2836
0.1314,289121.6853
0.1315,289431.2337
0.1316,289740.9286
0.1317,290050.7699
0.1318,290360.7572
0.1319,290670.8905
0.132,290981.1696
0.1321,291291.5942
0.1322,291602.1643
0.1323,291912.8796
0.1324,292223.74
0.1325,292534.7453
0.1326,292845.8952
0.1327,293157.1897
0.1328,293468.6285
0.1329,293780.2115
0.133,294091.9385
0.1331,294403.8093
0.1332,294715.8237
0.1333,295027.9816
0.1334,295340.2828
0.1335,295652.7271
0.1336,295965.3142
0.1337,296278.0442
0.1338,296590.9167
0.1339,296903.9315
0.134,297217.0886
0.1341,297530.3877
0.1342,297843.8287
0.1343,298157.4113
0.1344,298471.1354
0.1345,298785.0009
0.1346,299099.0075
0.1347,299413.155
0.1348,299727.4433
0.1349,300041.8723
0.135,300356.4416
0.1351,300671.1512
0.1352,300986.0009
0.1353,301300.9904
0.1354,301616.1197
0.1355,301931.3885
0.1356,302246.7966
0.1357,302562.344
0.1358,302878.0303
0.1359,303193.8554
0.136,303509.8192
0.1361,303825.9215
0.1362,304142.162
0.1363,304458.5407
0.1364,304775.0573
0.1365,305091.7116
0.1366,305408.5035
0.1367,305725.4328
0.1368,306042.4993
0.1369,306359.7029
0.137,306677.0433
0.1371,306994.5204
0.1372,307312.134
0.1373,307629.884
0.1374,307947.7701
0.1375,308265.7921
0.1376,308583.95
0.1377,308902.2435
0.1378,309220.6724
0.1379,309539.2365
0.138,309857.9358
0.1381,310176.77
0.1382,310495.7389
0.1383,310814.8423
0.1384,311134.0801
0.1385,311453.4521
0.1386,311772.9581
0.1387,312092.598
0.1388,312412.3715
0.1389,312732.2785
0.139,313052.3188
0.1391,313372.4923
0.1392,313692.7987
0.1393,314013.2378
0.1394,314333.8096
0.1395,314654.5138
0.1396,314975.3502
0.1397,315296.3187
0.1398,315617.419
0.1399,315938.6511
0.14,316260.0147
0.1401,316581.5097
0.1402,316903.1358
0.1403,317224.893
0.1404,317546.781
0.1405,317868.7996
0.1406,318190.9487
0.1407,318513.2281
0.1408,318835.6375
0.1409,319158.177
0.141,319480.8462
0.1411,319803.645
0.1412,320126.5732
0.1413,320449.6306
0.1414,320772.8171
0.1415,321096.1324
0.1416,321419.5765
0.1417,321743.149
0.1418,322066.85
0.1419,322390.6791
0.142,322714.6362
0.1421,323038.7211
0.1422,323362.9337
0.1423,323687.2737
0.1424,324011.741
0.1425,324336.3354
0.1426,324661.0568
0.1427,324985.9049
0.1428,325310.8797
0.1429,325635.9808
0.143,325961.2081
0.1431,326286.5616
0.1432,326612.0409
0.1433,326937.6459
0.1434,327263.3764
0.1435,327589.2323
0.1436,327915.2134
0.1437,328241.3194
0.1438,328567.5503
0.1439,328893.9059
0.144,329220.3859
0.1441,329546.9903
0.1442,329873.7187
0.1443,330200.5712
0.1444,330527.5473
0.1445,330854.6471
0.1446,331181.8704
0.1447,331509.2168
0.1448,331836.6864
0.1449,332164.2788
0.145,332491.994
0.1451,332819.8317
0.1452,333147.7918
0.1453,333475.8741
0.1454,333804.0785
0.1455,334132.4047
0.1456,334460.8525
0.1457,334789.4219
0.1458,335118.1126
0.1459,335446.9245
0.146,335775.8573
0.1461,336104.911
0.1462,336434.0853
0.1463,336763.38
0.1464,337092.7951
0.1465,337422.3302
0.1466,337751.9853
0.1467,338081.7602
0.1468,338411.6546
0.1469,338741.6685
0.147,339071.8016
0.1471,339402.0538
0.1472,339732.4249
0.1473,340062.9147
0.1474,340393.5231
0.1475,340724.2498
0.1476,341055.0948
0.1477,341386.0577
0.1478,341717.1386
0.1479,342048.3371
0.148,342379.6532
0.1481,342711.0866
0.1482,343042.6372
0.1483,343374.3047
0.1484,343706.0892
0.1485,344037.9902
0.1486,344370.0077
0.1487,344702.1416
0.1488,345034.3916
0.1489,345366.7576
0.149,345699.2393
0.1491,346031.8367
0.1492,346364.5495
0.1493,346697.3776
0.1494,347030.3209
0.1495,347363.379
0.1496,347696.552
0.1497,348029.8395
0.1498,348363.2415
0.1499,348696.7577
0.15,349030.388
0.1501,349364.1322
0.1502,349697.9902
0.1503,350031.9617
0.1504,350366.0466
0.1505,350700.2448
0.1506,351034.556
0.1507,351368.9801
0.1508,351703.517
0.1509,352038.1664
0.151,352372.9282
0.1511,352707.8022
0.1512,353042.7882
0.1513,353377.8861
0.1514,353713.0958
0.1515,354048.4169
0.1516,354383.8494
0.1517,354719.3932
0.1518,355055.0479
0.1519,355390.8135
0.152,355726.6899
0.1521,356062.6767
0.1522,356398.7739
0.1523,356734.9813
0.1524,357071.2987
0.1525,357407.7259
0.1526,357744.2628
0.1527,358080.9093
0.1528,358417.6651
0.1529,358754.5301
0.153,359091.5041
0.1531,359428.5869
0.1532,359765.7784
0.1533,360103.0784
0.1534,360440.4868
0.1535,360778.0034
0.1536,361115.6279
0.1537,361453.3603
0.1538,361791.2004
0.1539,362129.148
0.154,362467.2029
0.1541,362805.3651
0.1542,363143.6342
0.1543,363482.0102
0.1544,363820.4928
0.1545,364159.082
0.1546,364497.7776
0.1547,364836.5793
0.1548,365175.487
0.1549,365514.5006
0.155,365853.6199
0.1551,366192.8447
0.1552,366532.1749
0.1553,366871.6102
0.1554,367211.1506
0.1555,367550.7959
0.1556,367890.5459
0.1557,368230.4004
0.1558,368570.3593
0.1559,368910.4224
0.156,369250.5896
0.1561,369590.8606
0.1562,369931.2354
0.1563,370271.7137
0.1564,370612.2954
0.1565,370952.9804
0.1566,371293.7684
0.1567,371634.6594
0.1568,371975.653
0.1569,372316.7493
0.157,372657.948
0.1571,372999.249
0.1572,373340.652
0.1573,373682.157
0.1574,374023.7638
0.1575,374365.4721
0.1576,374707.282
0.1577,375049.1931
0.1578,375391.2054
0.1579,375733.3186
0.158,376075.5326
0.1581,376417.8473
0.1582,376760.2625
0.1583,377102.778
0.1584,377445.3937
0.1585,377788.1094
0.1586,378130.9249
0.1587,378473.8402
0.1588,378816.8549
0.1589,379159.9691
0.159,379503.1824
0.1591,379846.4948
0.1592,380189.9061
0.1593,380533.4162
0.1594,380877.0248
0.1595,381220.7318
0.1596,381564.5372
0.1597,381908.4406
0.1598,382252.4419
0.1599,382596.5411
0.16,382940.7379
0.1601,383285.0322
0.1602,383629.4238
0.1603,383973.9125
0.1604,384318.4983
0.1605,384663.1809
0.1606,385007.9602
0.1607,385352.8361
0.1608,385697.8083
0.1609,386042.8768
0.161,386388.0413
0.1611,386733.3017
0.1612,387078.658
0.1613,387424.1098
0.1614,387769.6571
0.1615,388115.2996
0.1616,388461.0373
0.1617,388806.87
0.1618,389152.7976
0.1619,389498.8198
0.162,389844.9365
0.1621,390191.1477
0.1622,390537.453
0.1623,390883.8524
0.1624,391230.3458
0.1625,391576.9328
0.1626,391923.6135
0.1627,392270.3877
0.1628,392617.2552
0.1629,392964.2158
0.163,393311.2694
0.1631,393658.4159
0.1632,394005.655
0.1633,394352.9868
0.1634,394700.4109
0.1635,395047.9272
0.1636,395395.5357
0.1637,395743.2361
0.1638,396091.0283
0.1639,396438.9122
0.164,396786.8875
0.1641,397134.9542
0.1642,397483.1121
0.1643,397831.361
0.1644,398179.7009
0.1645,398528.1315
0.1646,398876.6527
0.1647,399225.2643
0.1648,399573.9663
0.1649,399922.7584
0.165,400271.6405
0.1651,400620.6125
0.1652,400969.6742
0.1653,401318.8255
0.1654,401668.0662
0.1655,402017.3962
0.1656,402366.8153
0.1657,402716.3234
0.1658,403065.9203
0.1659,403415.6059
0.166,403765.3801
0.1661,404115.2426
0.1662,404465.1935
0.1663,404815.2324
0.1664,405165.3593
0.1665,405515.574
0.1666,405865.8764
0.1667,406216.2664
0.1668,406566.7437
0.1669,406917.3083
0.167,407267.96
0.1671,407618.6986
0.1672,407969.5241
0.1673,408320.4362
0.1674,408671.4349
0.1675,409022.52
0.1676,409373.6913
0.1677,409724.9487
0.1678,410076.2921
0.1679,410427.7213
0.168,410779.2362
0.1681,411130.8367
0.1682,411482.5226
0.1683,411834.2937
0.1684,412186.1499
0.1685,412538.0911
0.1686,412890.1172
0.1687,413242.228
0.1688,413594.4233
0.1689,413946.7031
0.169,414299.0672
0.1691,414651.5154
0.1692,415004.0476
0.1693,415356.6637
0.1694,415709.3636
0.1695,416062.147
0.1696,416415.0139
0.1697,416767.9641
0.1698,417120.9975
0.1699,417474.114
0.17,417827.3134
0.1701,418180.5956
0.1702,418533.9604
0.1703,418887.4077
0.1704,419240.9374
0.1705,419594.5494
0.1706,419948.2434
0.1707,420302.0195
0.1708,420655.8773
0.1709,421009.8169
0.171,421363.8381
0.1711,421717.9406
0.1712,422072.1245
0.1713,422426.3896
0.1714,422780.7357
0.1715,423135.1627
0.1716,423489.6705
0.1717,423844.2589
0.1718,424198.9278
0.1719,424553.6772
0.172,424908.5067
0.1721,425263.4164
0.1722,425618.4061
0.1723,425973.4756
0.1724,426328.6249
0.1725,426683.8538
0.1726,427039.1621
0.1727,427394.5498
0.1728,427750.0167
0.1729,428105.5627
0.173,428461.1876
0.1731,428816.8914
0.1732,429172.6739
0.1733,429528.5349
0.1734,429884.4744
0.1735,430240.4922
0.1736,430596.5882
0.1737,430952.7623
0.1738,431309.0143
0.1739,431665.3441
0.174,432021.7516
0.1741,432378.2367
0.1742,432734.7992
0.1743,433091.4391
0.1744,433448.1561
0.1745,433804.9502
0.1746,434161.8213
0.1747,434518.7691
0.1748,434875.7937
0.1749,435232.8948
0.175,435590.0724
0.1751,435947.3263
0.1752,436304.6564
0.1753,436662.0626
0.1754,437019.5448
0.1755,437377.1028
0.1756,437734.7366
0.1757,438092.4459
0.1758,438450.2307
0.1759,438808.0909
0.176,439166.0263
0.1761,439524.0369
0.1762,439882.1224
0.1763,440240.2829
0.1764,440598.5181
0.1765,440956.8279
0.1766,441315.2123
0.1767,441673.6711
0.1768,442032.2042
0.1769,442390.8114
0.177,442749.4928
0.1771,443108.248
0.1772,443467.0772
0.1773,443825.98
0.1774,444184.9564
0.1775,444544.0063
0.1776,444903.1296
0.1777,445262.3261
0.1778,445621.5958
0.1779,445980.9384
0.178,446340.354
0.1781,446699.8424
0.1782,447059.4035
0.1783,447419.0372
0.1784,447778.7433
0.1785,448138.5218
0.1786,448498.3725
0.1787,448858.2953
0.1788,449218.2902
0.1789,449578.3569
0.179,449938.4955
0.1791,450298.7057
0.1792,450658.9875
0.1793,451019.3408
0.1794,451379.7654
0.1795,451740.2613
0.1796,452100.8283
0.1797,452461.4663
0.1798,452822.1753
0.1799,453182.9551
0.18,453543.8055
0.1801,453904.7266
0.1802,454265.7182
0.1803,454626.7801
0.1804,454987.9124
0.1805,455349.1148
0.1806,455710.3873
0.1807,456071.7297
0.1808,456433.142
0.1809,456794.6241
0.181,457156.1758
0.1811,457517.7971
0.1812,457879.4878
0.1813,458241.2478
0.1814,458603.0771
0.1815,458964.9755
0.1816,459326.943
0.1817,459688.9794
0.1818,460051.0846
0.1819,460413.2586
0.182,460775.5011
0.1821,461137.8122
0.1822,461500.1918
0.1823,461862.6397
0.1824,462225.1558
0.1825,462587.74
0.1826,462950.3923
0.1827,463313.1125
0.1828,463675.9005
0.1829,464038.7563
0.183,464401.6797
0.1831,464764.6707
0.1832,465127.7291
0.1833,465490.8548
0.1834,465854.0479
0.1835,466217.308
0.1836,466580.6353
0.1837,466944.0295
0.1838,467307.4906
0.1839,467671.0184
0.184,468034.613
0.1841,468398.2741
0.1842,468762.0018
0.1843,469125.7959
0.1844,469489.6562
0.1845,469853.5828
0.1846,470217.5756
0.1847,470581.6343
0.1848,470945.759
0.1849,471309.9496
0.185,471674.206
0.1851,472038.528
0.1852,472402.9156
0.1853,472767.3687
0.1854,473131.8872
0.1855,473496.4711
0.1856,473861.1201
0.1857,474225.8344
0.1858,474590.6136
0.1859,474955.4579
0.186,475320.367
0.1861,475685.3409
0.1862,476050.3796
0.1863,476415.4829
0.1864,476780.6507
0.1865,477145.8829
0.1866,477511.1795
0.1867,477876.5405
0.1868,478241.9656
0.1869,478607.4548
0.187,478973.0081
0.1871,479338.6253
0.1872,479704.3064
0.1873,480070.0513
0.1874,480435.8599
0.1875,480801.7321
0.1876,481167.6679
0.1877,481533.6671
0.1878,481899.7297
0.1879,482265.8556
0.188,482632.0447
0.1881,482998.297
0.1882,483364.6123
0.1883,483730.9906
0.1884,484097.4319
0.1885,484463.9359
0.1886,484830.5028
0.1887,485197.1322
0.1888,485563.8243
0.1889,485930.579
0.189,486297.396
0.1891,486664.2755
0.1892,487031.2172
0.1893,487398.2211
0.1894,487765.2873
0.1895,488132.4154
0.1896,488499.6056
0.1897,488866.8577
0.1898,489234.1717
0.1899,489601.5474
0.19,489968.9849
0.1901,490336.4839
0.1902,490704.0446
0.1903,491071.6667
0.1904,491439.3503
0.1905,491807.0952
0.1906,492174.9015
0.1907,492542.7689
0.1908,492910.6974
0.1909,493278.6871
0.191,493646.7378
0.1911,494014.8493
0.1912,494383.0218
0.1913,494751.2551
0.1914,495119.5491
0.1915,495487.9038
0.1916,495856.3191
0.1917,496224.7949
0.1918,496593.3312
0.1919,496961.9279
0.192,497330.585
0.1921,497699.3023
0.1922,498068.0799
0.1923,498436.9176
0.1924,498805.8154
0.1925,499174.7733
0.1926,499543.7911
0.1927,499912.8688
0.1928,500282.0063
0.1929,500651.2036
0.193,501020.4607
0.1931,501389.7774
0.1932,501759.1537
0.1933,502128.5896
0.1934,502498.0849
0.1935,502867.6396
0.1936,503237.2538
0.1937,503606.9272
0.1938,503976.6598
0.1939,504346.4517
0.194,504716.3027
0.1941,505086.2128
0.1942,505456.1819
0.1943,505826.2099
0.1944,506196.2969
0.1945,506566.4427
0.1946,506936.6474
0.1947,507306.9107
0.1948,507677.2328
0.1949,508047.6135
0.195,508418.0528
0.1951,508788.5506
0.1952,509159.1069
0.1953,509529.7217
0.1954,509900.3948
0.1955,510271.1262
0.1956,510641.9159
0.1957,511012.7639
0.1958,511383.67
0.1959,511754.6342
0.196,512125.6566
0.1961,512496.7369
0.1962,512867.8752
0.1963,513239.0715
0.1964,513610.3256
0.1965,513981.6376
0.1966,514353.0074
0.1967,514724.4349
0.1968,515095.9201
0.1969,515467.463
0.197,515839.0635
0.1971,516210.7215
0.1972,516582.4371
0.1973,516954.2101
0.1974,517326.0406
0.1975,517697.9284
0.1976,518069.8736
0.1977,518441.8761
0.1978,518813.9358
0.1979,519186.0528
0.198,519558.2269
0.1981,519930.4582
0.1982,520302.7466
0.1983,520675.092
0.1984,521047.4945
0.1985,521419.9539
0.1986,521792.4702
0.1987,522165.0435
0.1988,522537.6736
0.1989,522910.3605
0.199,523283.1042
0.1991,523655.9047
0.1992,524028.7619
0.1993,524401.6757
0.1994,524774.6462
0.1995,525147.6733
0.1996,525520.7569
0.1997,525893.8971
0.1998,526267.0938
0.1999,526640.3469
0.2,527013.6565
0.2001,527387.0225
0.2002,527760.4448
0.2003,528133.9235
0.2004,528507.4585
0.2005,528881.0497
0.2006,529254.6972
0.2007,529628.4009
0.2008,530002.1608
0.2009,530375.9768
0.201,530749.8489
0.2011,531123.7771
0.2012,531497.7614
0.2013,531871.8017
0.2014,532245.898
0.2015,532620.0503
0.2016,532994.2585
0.2017,533368.5227
0.2018,533742.8427
0.2019,534117.2186
0.202,534491.6504
0.2021,534866.1379
0.2022,535240.6813
0.2023,535615.2804
0.2024,535989.9353
0.2025,536364.6459
0.2026,536739.4121
0.2027,537114.2341
0.2028,537489.1117
0.2029,537864.0449
0.203,538239.0337
0.2031,538614.0782
0.2032,538989.1781
0.2033,539364.3337
0.2034,539739.5447
0.2035,540114.8112
0.2036,540490.1333
0.2037,540865.5107
0.2038,541240.9437
0.2039,541616.432
0.204,541991.9758
0.2041,542367.5749
0.2042,542743.2294
0.2043,543118.9393
0.2044,543494.7045
0.2045,543870.5251
0.2046,544246.4009
0.2047,544622.332
0.2048,544998.3184
0.2049,545374.3601
0.205,545750.457
0.2051,546126.6092
0.2052,546502.8165
0.2053,546879.0791
0.2054,547255.3969
0.2055,547631.7698
0.2056,548008.1979
0.2057,548384.6812
0.2058,548761.2196
0.2059,549137.8131
0.206,549514.4618
0.2061,549891.1656
0.2062,550267.9245
0.2063,550644.7385
0.2064,551021.6075
0.2065,551398.5317
0.2066,551775.5109
0.2067,552152.5452
0.2068,552529.6345
0.2069,552906.7789
0.207,553283.9783
0.2071,553661.2327
0.2072,554038.5422
0.2073,554415.9067
0.2074,554793.3262
0.2075,555170.8007
0.2076,555548.3303
0.2077,555925.9148
0.2078,556303.5543
0.2079,556681.2488
0.208,557058.9983
0.2081,557436.8028
0.2082,557814.6623
0.2083,558192.5767
0.2084,558570.5462
0.2085,558948.5706
0.2086,559326.65
0.2087,559704.7844
0.2088,560082.9737
0.2089,560461.2181
0.209,560839.5174
0.2091,561217.8717
0.2092,561596.2809
0.2093,561974.7452
0.2094,562353.2644
0.2095,562731.8386
0.2096,563110.4678
0.2097,563489.152
0.2098,563867.8912
0.2099,564246.6854
0.21,564625.5346
0.2101,565004.4388
0.2102,565383.398
0.2103,565762.4122
0.2104,566141.4815
0.2105,566520.6058
0.2106,566899.7851
0.2107,567279.0194
0.2108,567658.3088
0.2109,568037.6532
0.211,568417.0527
0.2111,568796.5073
0.2112,569176.0169
0.2113,569555.5816
0.2114,569935.2015
0.2115,570314.8764
0.2116,570694.6064
0.2117,571074.3916
0.2118,571454.2318
0.2119,571834.1273
0.212,572214.0778
0.2121,572594.0836
0.2122,572974.1445
0.2123,573354.2606
0.2124,573734.4319
0.2125,574114.6584
0.2126,574494.9401
0.2127,574875.2771
0.2128,575255.6693
0.2129,575636.1168
0.213,576016.6195
0.2131,576397.1776
0.2132,576777.791
0.2133,577158.4596
0.2134,577539.1836
0.2135,577919.963
0.2136,578300.7978
0.2137,578681.6879
0.2138,579062.6334
0.2139,579443.6343
0.214,579824.6907
0.2141,580205.8025
0.2142,580586.9698
0.2143,580968.1926
0.2144,581349.4709
0.2145,581730.8048
0.2146,582112.1941
0.2147,582493.6391
0.2148,582875.1396
0.2149,583256.6957
0.215,583638.3074
0.2151,584019.9748
0.2152,584401.6979
0.2153,584783.4766
0.2154,585165.3111
0.2155,585547.2013
0.2156,585929.1472
0.2157,586311.1489
0.2158,586693.2065
0.2159,587075.3198
0.216,587457.489
0.2161,587839.714
0.2162,588221.995
0.2163,588604.3318
0.2164,588986.7246
0.2165,589369.1734
0.2166,589751.6781
0.2167,590134.2389
0.2168,590516.8557
0.2169,590899.5286
0.217,591282.2575
0.2171,591665.0426
0.2172,592047.8838
0.2173,592430.7812
0.2174,592813.7348
0.2175,593196.7447
0.2176,593579.8108
0.2177,593962.9331
0.2178,594346.1118
0.2179,594729.3468
0.218,595112.6382
0.2181,595495.986
0.2182,595879.3903
0.2183,596262.8509
0.2184,596646.3681
0.2185,597029.9418
0.2186,597413.572
0.2187,597797.2588
0.2188,598181.0022
0.2189,598564.8023
0.219,598948.659
0.2191,599332.5725
0.2192,599716.5427
0.2193,600100.5696
0.2194,600484.6534
0.2195,600868.7939
0.2196,601252.9914
0.2197,601637.2457
0.2198,602021.557
0.2199,602405.9253
0.22,602790.3505
0.2201,603174.8328
0.2202,603559.3722
0.2203,603943.9686
0.2204,604328.6222
0.2205,604713.333
0.2206,605098.101
0.2207,605482.9262
0.2208,605867.8087
0.2209,606252.7485
0.221,606637.7457
0.2211,607022.8003
0.2212,607407.9123
0.2213,607793.0818
0.2214,608178.3087
0.2215,608563.5932
0.2216,608948.9353
0.2217,609334.335
0.2218,609719.7923
0.2219,610105.3074
0.222,610490.8801
0.2221,610876.5106
0.2222,611262.199
0.2223,611647.9451
0.2224,612033.7492
0.2225,612419.6112
0.2226,612805.5311
0.2227,613191.5091
0.2228,613577.5451
0.2229,613963.6391
0.223,614349.7913
0.2231,614736.0017
0.2232,615122.2703
0.2233,615508.5971
0.2234,615894.9822
0.2235,616281.4256
0.2236,616667.9274
0.2237,617054.4876
0.2238,617441.1063
0.2239,617827.7834
0.224,618214.5191
0.2241,618601.3134
0.2242,618988.1663
0.2243,619375.0778
0.2244,619762.0481
0.2245,620149.0771
0.2246,620536.1649
0.2247,620923.3116
0.2248,621310.5171
0.2249,621697.7816
0.225,622085.105
0.2251,622472.4874
0.2252,622859.9289
0.2253,623247.4295
0.2254,623634.9893
0.2255,624022.6082
0.2256,624410.2864
0.2257,624798.0238
0.2258,625185.8206
0.2259,625573.6767
0.226,625961.5923
0.2261,626349.5673
0.2262,626737.6018
0.2263,627125.6959
0.2264,627513.8496
0.2265,627902.0629
0.2266,628290.3359
0.2267,628678.6687
0.2268,629067.0612
0.2269,629455.5136
0.227,629844.0258
0.2271,630232.598
0.2272,630621.2301
0.2273,631009.9222
0.2274,631398.6744
0.2275,631787.4868
0.2276,632176.3592
0.2277,632565.2919
0.2278,632954.2849
0.2279,633343.3381
0.228,633732.4517
0.2281,634121.6257
0.2282,634510.8601
0.2283,634900.155
0.2284,635289.5104
0.2285,635678.9265
0.2286,636068.4031
0.2287,636457.9405
0.2288,636847.5386
0.2289,637237.1975
0.229,637626.9172
0.2291,638016.6977
0.2292,638406.5392
0.2293,638796.4417
0.2294,639186.4052
0.2295,639576.4298
0.2296,639966.5155
0.2297,640356.6623
0.2298,640746.8704
0.2299,641137.1398
0.23,641527.4704
0.2301,641917.8625
0.2302,642308.3159
0.2303,642698.8308
0.2304,643089.4073
0.2305,643480.0453
0.2306,643870.7449
0.2307,644261.5061
0.2308,644652.3291
0.2309,645043.2139
0.231,645434.1604
0.2311,645825.1688
0.2312,646216.2391
0.2313,646607.3714
0.2314,646998.5657
0.2315,647389.8221
0.2316,647781.1405
0.2317,648172.5211
0.2318,648563.964
0.2319,648955.469
0.232,649347.0364
0.2321,649738.6662
0.2322,650130.3583
0.2323,650522.1129
0.2324,650913.93
0.2325,651305.8097
0.2326,651697.752
0.2327,652089.7569
0.2328,652481.8245
0.2329,652873.9549
0.233,653266.1481
0.2331,653658.4042
0.2332,654050.7231
0.2333,654443.105
0.2334,654835.5499
0.2335,655228.0579
0.2336,655620.6289
0.2337,656013.2631
0.2338,656405.9605
0.2339,656798.7212
0.234,657191.5451
0.2341,657584.4324
0.2342,657977.3831
0.2343,658370.3973
0.2344,658763.4749
0.2345,659156.6161
0.2346,659549.8209
0.2347,659943.0893
0.2348,660336.4214
0.2349,660729.8172
0.235,661123.2769
0.2351,661516.8004
0.2352,661910.3877
0.2353,662304.039
0.2354,662697.7543
0.2355,663091.5336
0.2356,663485.377
0.2357,663879.2845
0.2358,664273.2562
0.2359,664667.2921
0.236,665061.3923
0.2361,665455.5568
0.2362,665849.7857
0.2363,666244.079
0.2364,666638.4367
0.2365,667032.859
0.2366,667427.3458
0.2367,667821.8972
0.2368,668216.5133
0.2369,668611.1941
0.237,669005.9396
0.2371,669400.7499
0.2372,669795.6251
0.2373,670190.5651
0.2374,670585.5701
0.2375,670980.64
0.2376,671375.775
0.2377,671770.975
0.2378,672166.2402
0.2379,672561.5705
0.238,672956.966
0.2381,673352.4268
0.2382,673747.9528
0.2383,674143.5442
0.2384,674539.201
0.2385,674934.9233
0.2386,675330.711
0.2387,675726.5642
0.2388,676122.483
0.2389,676518.4674
0.239,676914.5174
0.2391,677310.6332
0.2392,677706.8147
0.2393,678103.0619
0.2394,678499.375
0.2395,678895.754
0.2396,679292.1989
0.2397,679688.7097
0.2398,680085.2865
0.2399,680481.9294
0.24,680878.6383
0.2401,681275.4134
0.2402,681672.2546
0.2403,682069.1621
0.2404,682466.1358
0.2405,682863.1757
0.2406,683260.282
0.2407,683657.4547
0.2408,684054.6938
0.2409,684451.9993
0.241,684849.3713
0.2411,685246.8098
0.2412,685644.3149
0.2413,686041.8866
0.2414,686439.525
0.2415,686837.23
0.2416,687235.0018
0.2417,687632.8403
0.2418,688030.7456
0.2419,688428.7177
0.242,688826.7568
0.2421,689224.8627
0.2422,689623.0356
0.2423,690021.2754
0.2424,690419.5823
0.2425,690817.9562
0.2426,691216.3972
0.2427,691614.9054
0.2428,692013.4807
0.2429,692412.1232
0.243,692810.8329
0.2431,693209.6099
0.2432,693608.4541
0.2433,694007.3658
0.2434,694406.3447
0.2435,694805.3911
0.2436,695204.5049
0.2437,695603.6862
0.2438,696002.9349
0.2439,696402.2512
0.244,696801.635
0.2441,697201.0864
0.2442,697600.6055
0.2443,698000.1922
0.2444,698399.8465
0.2445,698799.5686
0.2446,699199.3584
0.2447,699599.216
0.2448,699999.1414
0.2449,700399.1346
0.245,700799.1956
0.2451,701199.3245
0.2452,701599.5214
0.2453,701999.7861
0.2454,702400.1188
0.2455,702800.5196
0.2456,703200.9883
0.2457,703601.525
0.2458,704002.1298
0.2459,704402.8027
0.246,704803.5438
0.2461,705204.3529
0.2462,705605.2302
0.2463,706006.1757
0.2464,706407.1894
0.2465,706808.2713
0.2466,707209.4214
0.2467,707610.6399
0.2468,708011.9266
0.2469,708413.2816
0.247,708814.705
0.2471,709216.1967
0.2472,709617.7568
0.2473,710019.3852
0.2474,710421.0821
0.2475,710822.8474
0.2476,711224.6811
0.2477,711626.5834
0.2478,712028.554
0.2479,712430.5932
0.248,712832.7009
0.2481,713234.8771
0.2482,713637.1218
0.2483,714039.4351
0.2484,714441.817
0.2485,714844.2674
0.2486,715246.7865
0.2487,715649.3741
0.2488,716052.0304
0.2489,716454.7553
0.249,716857.5488
0.2491,717260.411
0.2492,717663.3419
0.2493,718066.3414
0.2494,718469.4096
0.2495,718872.5465
0.2496,719275.7521
0.2497,719679.0264
0.2498,720082.3695
0.2499,720485.7812
0.25,720889.2617
0.2501,721292.8109
0.2502,721696.4288
0.2503,722100.1155
0.2504,722503.8709
0.2505,722907.6951
0.2506,723311.588
0.2507,723715.5497
0.2508,724119.5802
0.2509,724523.6794
0.251,724927.8473
0.2511,725332.0841
0.2512,725736.3896
0.2513,726140.7638
0.2514,726545.2068
0.2515,726949.7186
0.2516,727354.2991
0.2517,727758.9484
0.2518,728163.6664
0.2519,728568.4532
0.252,728973.3087
0.2521,729378.2329
0.2522,729783.2259
0.2523,730188.2875
0.2524,730593.4179
0.2525,730998.617
0.2526,731403.8848
0.2527,731809.2213
0.2528,732214.6265
0.2529,732620.1004
0.253,733025.6429
0.2531,733431.254
0.2532,733836.9338
0.2533,734242.6822
0.2534,734648.4993
0.2535,735054.3849
0.2536,735460.3391
0.2537,735866.3619
0.2538,736272.4532
0.2539,736678.6131
0.254,737084.8414
0.2541,737491.1383
0.2542,737897.5037
0.2543,738303.9375
0.2544,738710.4398
0.2545,739117.0105
0.2546,739523.6496
0.2547,739930.3571
0.2548,740337.133
0.2549,740743.9771
0.255,741150.8896
0.2551,741557.8704
0.2552,741964.9195
0.2553,742372.0368
0.2554,742779.2223
0.2555,743186.476
0.2556,743593.7979
0.2557,744001.1879
0.2558,744408.6459
0.2559,744816.1721
0.256,745223.7663
0.2561,745631.4285
0.2562,746039.1587
0.2563,746446.9569
0.2564,746854.8229
0.2565,747262.7569
0.2566,747670.7586
0.2567,748078.8282
0.2568,748486.9656
0.2569,748895.1707
0.257,749303.4435
0.2571,749711.7839
0.2572,750120.192
0.2573,750528.6676
0.2574,750937.2108
0.2575,751345.8215
0.2576,751754.4997
0.2577,752163.2452
0.2578,752572.0582
0.2579,752980.9384
0.258,753389.886
0.2581,753798.9007
0.2582,754207.9827
0.2583,754617.1318
0.2584,755026.348
0.2585,755435.6312
0.2586,755844.9815
0.2587,756254.3986
0.2588,756663.8827
0.2589,757073.4336
0.259,757483.0513
0.2591,757892.7357
0.2592,758302.4868
0.2593,758712.3045
0.2594,759122.1888
0.2595,759532.1396
0.2596,759942.1568
0.2597,760352.2405
0.2598,760762.3904
0.2599,761172.6067
0.26,761582.8891
0.2601,761993.2377
0.2602,762403.6524
0.2603,762814.1331
0.2604,763224.6798
0.2605,763635.2923
0.2606,764045.9707
0.2607,764456.7148
0.2608,764867.5246
0.2609,765278.4001
0.261,765689.3411
0.2611,766100.3475
0.2612,766511.4194
0.2613,766922.5566
0.2614,767333.7591
0.2615,767745.0268
0.2616,768156.3596
0.2617,768567.7574
0.2618,768979.2202
0.2619,769390.7478
0.262,769802.3403
0.2621,770213.9975
0.2622,770625.7193
0.2623,771037.5057
0.2624,771449.3566
0.2625,771861.2719
0.2626,772273.2515
0.2627,772685.2953
0.2628,773097.4033
0.2629,773509.5754
0.263,773921.8114
0.2631,774334.1112
0.2632,774746.4749
0.2633,775158.9023
0.2634,775571.3933
0.2635,775983.9478
0.2636,776396.5657
0.2637,776809.2469
0.2638,777221.9914
0.2639,777634.7991
0.264,778047.6697
0.2641,778460.6033
0.2642,778873.5998
0.2643,779286.659
0.2644,779699.7808
0.2645,780112.9652
0.2646,780526.212
0.2647,780939.5212
0.2648,781352.8925
0.2649,781766.326
0.265,782179.8216
0.2651,782593.379
0.2652,783006.9982
0.2653,783420.6791
0.2654,783834.4216
0.2655,784248.2256
0.2656,784662.0909
0.2657,785076.0175
0.2658,785490.0052
0.2659,785904.0538
0.266,786318.1634
0.2661,786732.3338
0.2662,787146.5648
0.2663,787560.8564
0.2664,787975.2083
0.2665,788389.6206
0.2666,788804.093
0.2667,789218.6255
0.2668,789633.2179
0.2669,790047.8701
0.267,790462.582
0.2671,790877.3534
0.2672,791292.1842
0.2673,791707.0743
0.2674,792122.0236
0.2675,792537.0318
0.2676,792952.099
0.2677,793367.2249
0.2678,793782.4094
0.2679,794197.6524
0.268,794612.9537
0.2681,795028.3132
0.2682,795443.7308
0.2683,795859.2063
0.2684,796274.7396
0.2685,796690.3305
0.2686,797105.9789
0.2687,797521.6847
0.2688,797937.4477
0.2689,798353.2677
0.269,798769.1446
0.2691,799185.0782
0.2692,799601.0685
0.2693,800017.1152
0.2694,800433.2182
0.2695,800849.3773
0.2696,801265.5925
0.2697,801681.8634
0.2698,802098.1901
0.2699,802514.5722
0.27,802931.0098
0.2701,803347.5025
0.2702,803764.0502
0.2703,804180.6528
0.2704,804597.3101
0.2705,805014.022
0.2706,805430.7882
0.2707,805847.6087
0.2708,806264.4832
0.2709,806681.4115
0.271,807098.3935
0.2711,807515.4291
0.2712,807932.518
0.2713,808349.6601
0.2714,808766.8552
0.2715,809184.1031
0.2716,809601.4037
0.2717,810018.7567
0.2718,810436.1621
0.2719,810853.6195
0.272,811271.1288
0.2721,811688.6899
0.2722,812106.3026
0.2723,812523.9666
0.2724,812941.6818
0.2725,813359.448
0.2726,813777.2649
0.2727,814195.1325
0.2728,814613.0505
0.2729,815031.0188
0.273,815449.0371
0.2731,815867.1052
0.2732,816285.2229
0.2733,816703.3901
0.2734,817121.6065
0.2735,817539.872
0.2736,817958.1863
0.2737,818376.5493
0.2738,818794.9606
0.2739,819213.4202
0.274,819631.9279
0.2741,820050.4833
0.2742,820469.0863
0.2743,820887.7368
0.2744,821306.4344
0.2745,821725.1789
0.2746,822143.9703
0.2747,822562.8082
0.2748,822981.6924
0.2749,823400.6227
0.275,823819.5988
0.2751,824238.6207
0.2752,824657.688
0.2753,825076.8005
0.2754,825495.9581
0.2755,825915.1603
0.2756,826334.4072
0.2757,826753.6984
0.2758,827173.0336
0.2759,827592.4127
0.276,828011.8355
0.2761,828431.3016
0.2762,828850.8109
0.2763,829270.3631
0.2764,829689.958
0.2765,830109.5954
0.2766,830529.275
0.2767,830948.9966
0.2768,831368.7599
0.2769,831788.5646
0.277,832208.4107
0.2771,832628.2977
0.2772,833048.2255
0.2773,833468.1937
0.2774,833888.2023
0.2775,834308.2508
0.2776,834728.3391
0.2777,835148.4669
0.2778,835568.634
0.2779,835988.84
0.278,836409.0848
0.2781,836829.368
0.2782,837249.6895
0.2783,837670.0489
0.2784,838090.446
0.2785,838510.8805
0.2786,838931.3522
0.2787,839351.8608
0.2788,839772.406
0.2789,840192.9876
0.279,840613.6053
0.2791,841034.2587
0.2792,841454.9478
0.2793,841875.6721
0.2794,842296.4314
0.2795,842717.2254
0.2796,843138.0539
0.2797,843558.9165
0.2798,843979.813
0.2799,844400.7432
0.28,844821.7066
0.2801,845242.7031
0.2802,845663.7323
0.2803,846084.7939
0.2804,846505.8878
0.2805,846927.0135
0.2806,847348.1708
0.2807,847769.3594
0.2808,848190.579
0.2809,848611.8293
0.281,849033.1101
0.2811,849454.4209
0.2812,849875.7615
0.2813,850297.1317
0.2814,850718.5311
0.2815,851139.9593
0.2816,851561.4162
0.2817,851982.9014
0.2818,852404.4145
0.2819,852825.9554
0.282,853247.5236
0.2821,853669.1188
0.2822,854090.7408
0.2823,854512.3892
0.2824,854934.0638
0.2825,855355.7641
0.2826,855777.4899
0.2827,856199.2409
0.2828,856621.0167
0.2829,857042.817
0.283,857464.6415
0.2831,857886.4899
0.2832,858308.3618
0.2833,858730.2569
0.2834,859152.1749
0.2835,859574.1155
0.2836,859996.0782
0.2837,860418.0629
0.2838,860840.069
0.2839,861262.0965
0.284,861684.1447
0.2841,862106.2135
0.2842,862528.3025
0.2843,862950.4114
0.2844,863372.5398
0.2845,863794.6873
0.2846,864216.8536
0.2847,864639.0385
0.2848,865061.2414
0.2849,865483.4621
0.285,865905.7002
0.2851,866327.9554
0.2852,866750.2273
0.2853,867172.5156
0.2854,867594.8198
0.2855,868017.1397
0.2856,868439.4749
0.2857,868861.825
0.2858,869284.1897
0.2859,869706.5685
0.286,870128.9612
0.2861,870551.3673
0.2862,870973.7865
0.2863,871396.2185
0.2864,871818.6628
0.2865,872241.119
0.2866,872663.5869
0.2867,873086.066
0.2868,873508.5559
0.2869,873931.0563
0.287,874353.5668
0.2871,874776.087
0.2872,875198.6166
0.2873,875621.1551
0.2874,876043.7021
0.2875,876466.2573
0.2876,876888.8203
0.2877,877311.3907
0.2878,877733.9681
0.2879,878156.5521
0.288,878579.1424
0.2881,879001.7384
0.2882,879424.3399
0.2883,879846.9464
0.2884,880269.5575
0.2885,880692.1728
0.2886,881114.792
0.2887,881537.4146
0.2888,881960.0402
0.2889,882382.6684
0.289,882805.2988
0.2891,883227.931
0.2892,883650.5646
0.2893,884073.1992
0.2894,884495.8343
0.2895,884918.4695
0.2896,885341.1045
0.2897,885763.7387
0.2898,886186.3719
0.2899,886609.0035
0.29,887031.6332
0.2901,887454.2605
0.2902,887876.8849
0.2903,888299.5062
0.2904,888722.1237
0.2905,889144.7372
0.2906,889567.3462
0.2907,889989.9502
0.2908,890412.5488
0.2909,890835.1416
0.291,891257.7281
0.2911,891680.308
0.2912,892102.8807
0.2913,892525.4458
0.2914,892948.0029
0.2915,893370.5516
0.2916,893793.0913
0.2917,894215.6217
0.2918,894638.1423
0.2919,895060.6526
0.292,895483.1522
0.2921,895905.6407
0.2922,896328.1176
0.2923,896750.5824
0.2924,897173.0347
0.2925,897595.474
0.2926,898017.8998
0.2927,898440.3118
0.2928,898862.7094
0.2929,899285.0922
0.293,899707.4597
0.2931,900129.8115
0.2932,900552.147
0.2933,900974.4658
0.2934,901396.7675
0.2935,901819.0516
0.2936,902241.3175
0.2937,902663.5649
0.2938,903085.7932
0.2939,903508.0019
0.294,903930.1907
0.2941,904352.3589
0.2942,904774.5062
0.2943,905196.632
0.2944,905618.7359
0.2945,906040.8173
0.2946,906462.8759
0.2947,906884.911
0.2948,907306.9222
0.2949,907728.909
0.295,908150.871
0.2951,908572.8075
0.2952,908994.7182
0.2953,909416.6025
0.2954,909838.46
0.2955,910260.29
0.2956,910682.0922
0.2957,911103.8661
0.2958,911525.611
0.2959,911947.3266
0.296,912369.0122
0.2961,912790.6675
0.2962,913212.2918
0.2963,913633.8848
0.2964,914055.4458
0.2965,914476.9743
0.2966,914898.4699
0.2967,915319.9319
0.2968,915741.36
0.2969,916162.7536
0.297,916584.1121
0.2971,917005.435
0.2972,917426.7219
0.2973,917847.9721
0.2974,918269.1852
0.2975,918690.3606
0.2976,919111.4978
0.2977,919532.5963
0.2978,919953.6555
0.2979,920374.6749
0.298,920795.654
0.2981,921216.5922
0.2982,921637.489
0.2983,922058.3439
0.2984,922479.1562
0.2985,922899.9255
0.2986,923320.6513
0.2987,923741.3329
0.2988,924161.9699
0.2989,924582.5616
0.299,925003.1076
0.2991,925423.6072
0.2992,925844.06
0.2993,926264.4654
0.2994,926684.8228
0.2995,927105.1316
0.2996,927525.3914
0.2997,927945.6015
0.2998,928365.7614
0.2999,928785.8706
0.3,929205.9284
0.3001,929625.9343
0.3002,930045.8878
0.3003,930465.7882
0.3004,930885.635
0.3005,931305.4277
0.3006,931725.1656
0.3007,932144.8482
0.3008,932564.4749
0.3009,932984.0452
0.301,933403.5584
0.3011,933823.014
0.3012,934242.4115
0.3013,934661.7501
0.3014,935081.0294
0.3015,935500.2487
0.3016,935919.4076
0.3017,936338.5053
0.3018,936757.5413
0.3019,937176.515
0.302,937595.4259
0.3021,938014.2733
0.3022,938433.0566
0.3023,938851.7753
0.3024,939270.4287
0.3025,939689.0163
0.3026,940107.5374
0.3027,940525.9915
0.3028,940944.378
0.3029,941362.6962
0.303,941780.9455
0.3031,942199.1254
0.3032,942617.2353
0.3033,943035.2745
0.3034,943453.2424
0.3035,943871.1384
0.3036,944288.9619
0.3037,944706.7123
0.3038,945124.389
0.3039,945541.9914
0.304,945959.5188
0.3041,946376.9706
0.3042,946794.3463
0.3043,947211.6451
0.3044,947628.8665
0.3045,948046.0099
0.3046,948463.0745
0.3047,948880.0599
0.3048,949296.9653
0.3049,949713.7902
0.305,950130.5339
0.3051,950547.1957
0.3052,950963.7752
0.3053,951380.2715
0.3054,951796.6841
0.3055,952213.0124
0.3056,952629.2556
0.3057,953045.4133
0.3058,953461.4847
0.3059,953877.4691
0.306,954293.366
0.3061,954709.1748
0.3062,955124.8946
0.3063,955540.525
0.3064,955956.0653
0.3065,956371.5148
0.3066,956786.8729
0.3067,957202.1388
0.3068,957617.3121
0.3069,958032.3919
0.307,958447.3777
0.3071,958862.2689
0.3072,959277.0646
0.3073,959691.7644
0.3074,960106.3675
0.3075,960520.8733
0.3076,960935.281
0.3077,961349.5901
0.3078,961763.7999
0.3079,962177.9097
0.308,962591.9189
0.3081,963005.8267
0.3082,963419.6325
0.3083,963833.3357
0.3084,964246.9356
0.3085,964660.4314
0.3086,965073.8226
0.3087,965487.1084
0.3088,965900.2882
0.3089,966313.3613
0.309,966726.327
0.3091,967139.1846
0.3092,967551.9335
0.3093,967964.5729
0.3094,968377.1022
0.3095,968789.5208
0.3096,969201.8278
0.3097,969614.0227
0.3098,970026.1047
0.3099,970438.0732
0.31,970849.9274
0.3101,971261.6667
0.3102,971673.2904
0.3103,972084.7978
0.3104,972496.1881
0.3105,972907.4608
0.3106,973318.615
0.3107,973729.6501
0.3108,974140.5655
0.3109,974551.3603
0.311,974962.0339
0.3111,975372.5856
0.3112,975783.0147
0.3113,976193.3205
0.3114,976603.5022
0.3115,977013.5592
0.3116,977423.4908
0.3117,977833.2962
0.3118,978242.9747
0.3119,978652.5257
0.312,979061.9484
0.3121,979471.242
0.3122,979880.406
0.3123,980289.4395
0.3124,980698.3419
0.3125,981107.1124
0.3126,981515.7503
0.3127,981924.2549
0.3128,982332.6254
0.3129,982740.8612
0.313,983148.9616
0.3131,983556.9257
0.3132,983964.7528
0.3133,984372.4424
0.3134,984779.9935
0.3135,985187.4055
0.3136,985594.6777
0.3137,986001.8093
0.3138,986408.7995
0.3139,986815.6478
0.314,987222.3532
0.3141,987628.9151
0.3142,988035.3328
0.3143,988441.6055
0.3144,988847.7325
0.3145,989253.7129
0.3146,989659.5462
0.3147,990065.2315
0.3148,990470.7682
0.3149,990876.1554
0.315,991281.3924
0.3151,991686.4784
0.3152,992091.4128
0.3153,992496.1948
0.3154,992900.8236
0.3155,993305.2985
0.3156,993709.6187
0.3157,994113.7835
0.3158,994517.7921
0.3159,994921.6438
0.316,995325.3377
0.3161,995728.8733
0.3162,996132.2496
0.3163,996535.466
0.3164,996938.5216
0.3165,997341.4158
0.3166,997744.1478
0.3167,998146.7167
0.3168,998549.1219
0.3169,998951.3626
0.317,999353.438
0.3171,999755.3473
0.3172,1000157.09
0.3173,1000558.665
0.3174,1000960.071
0.3175,1001361.309
0.3176,1001762.376
0.3177,1002163.273
0.3178,1002563.999
0.3179,1002964.552
0.318,1003364.932
0.3181,1003765.139
0.3182,1004165.171
0.3183,1004565.027
0.3184,1004964.708
0.3185,1005364.211
0.3186,1005763.537
0.3187,1006162.685
0.3188,1006561.654
0.3189,1006960.442
0.319,1007359.05
0.3191,1007757.476
0.3192,1008155.72
0.3193,1008553.78
0.3194,1008951.657
0.3195,1009349.349
0.3196,1009746.856
0.3197,1010144.176
0.3198,1010541.309
0.3199,1010938.255
0.32,1011335.012
0.3201,1011731.579
0.3202,1012127.956
0.3203,1012524.142
0.3204,1012920.137
0.3205,1013315.938
0.3206,1013711.547
0.3207,1014106.961
0.3208,1014502.18
0.3209,1014897.203
0.321,1015292.03
0.3211,1015686.659
0.3212,1016081.09
0.3213,1016475.323
0.3214,1016869.355
0.3215,1017263.187
0.3216,1017656.817
0.3217,1018050.245
0.3218,1018443.471
0.3219,1018836.492
0.322,1019229.309
0.3221,1019621.92
0.3222,1020014.325
0.3223,1020406.523
0.3224,1020798.513
0.3225,1021190.295
0.3226,1021581.867
0.3227,1021973.229
0.3228,1022364.379
0.3229,1022755.318
0.323,1023146.044
0.3231,1023536.556
0.3232,1023926.855
0.3233,1024316.938
0.3234,1024706.804
0.3235,1025096.455
0.3236,1025485.887
0.3237,1025875.101
0.3238,1026264.096
0.3239,1026652.871
0.324,1027041.425
0.3241,1027429.757
0.3242,1027817.867
0.3243,1028205.753
0.3244,1028593.415
0.3245,1028980.852
0.3246,1029368.063
0.3247,1029755.048
0.3248,1030141.805
0.3249,1030528.333
0.325,1030914.633
0.3251,1031300.703
0.3252,1031686.542
0.3253,1032072.149
0.3254,1032457.524
0.3255,1032842.665
0.3256,1033227.572
0.3257,1033612.245
0.3258,1033996.681
0.3259,1034380.882
0.326,1034764.844
0.3261,1035148.568
0.3262,1035532.054
0.3263,1035915.299
0.3264,1036298.304
0.3265,1036681.066
0.3266,1037063.587
0.3267,1037445.864
0.3268,1037827.897
0.3269,1038209.685
0.327,1038591.227
0.3271,1038972.523
0.3272,1039353.571
0.3273,1039734.371
0.3274,1040114.922
0.3275,1040495.223
0.3276,1040875.272
0.3277,1041255.071
0.3278,1041634.616
0.3279,1042013.909
0.328,1042392.947
0.3281,1042771.73
0.3282,1043150.257
0.3283,1043528.527
0.3284,1043906.54
0.3285,1044284.295
0.3286,1044661.79
0.3287,1045039.025
0.3288,1045415.999
0.3289,1045792.711
0.329,1046169.16
0.3291,1046545.347
0.3292,1046921.268
0.3293,1047296.925
0.3294,1047672.315
0.3295,1048047.439
0.3296,1048422.294
0.3297,1048796.881
0.3298,1049171.199
0.3299,1049545.246
0.33,1049919.023
0.3301,1050292.527
0.3302,1050665.758
0.3303,1051038.716
0.3304,1051411.399
0.3305,1051783.806
0.3306,1052155.938
0.3307,1052527.792
0.3308,1052899.368
0.3309,1053270.665
0.331,1053641.683
0.3311,1054012.42
0.3312,1054382.876
0.3313,1054753.049
0.3314,1055122.939
0.3315,1055492.546
0.3316,1055861.867
0.3317,1056230.903
0.3318,1056599.652
0.3319,1056968.114
0.332,1057336.287
0.3321,1057704.172
0.3322,1058071.766
0.3323,1058439.07
0.3324,1058806.081
0.3325,1059172.801
0.3326,1059539.227
0.3327,1059905.358
0.3328,1060271.194
0.3329,1060636.735
0.333,1061001.978
0.3331,1061366.924
0.3332,1061731.571
0.3333,1062095.919
0.3334,1062459.966
0.3335,1062823.713
0.3336,1063187.157
0.3337,1063550.298
0.3338,1063913.136
0.3339,1064275.669
0.334,1064637.896
0.3341,1064999.817
0.3342,1065361.431
0.3343,1065722.737
0.3344,1066083.733
0.3345,1066444.42
0.3346,1066804.797
0.3347,1067164.861
0.3348,1067524.614
0.3349,1067884.053
0.335,1068243.178
0.3351,1068601.988
0.3352,1068960.482
0.3353,1069318.659
0.3354,1069676.519
0.3355,1070034.06
0.3356,1070391.282
0.3357,1070748.184
0.3358,1071104.765
0.3359,1071461.024
0.336,1071816.96
0.3361,1072172.572
0.3362,1072527.86
0.3363,1072882.822
0.3364,1073237.458
0.3365,1073591.768
0.3366,1073945.749
0.3367,1074299.401
0.3368,1074652.723
0.3369,1075005.715
0.337,1075358.376
0.3371,1075710.704
0.3372,1076062.699
0.3373,1076414.36
0.3374,1076765.686
0.3375,1077116.676
0.3376,1077467.33
0.3377,1077817.646
0.3378,1078167.624
0.3379,1078517.262
0.338,1078866.561
0.3381,1079215.518
0.3382,1079564.134
0.3383,1079912.407
0.3384,1080260.336
0.3385,1080607.921
0.3386,1080955.16
0.3387,1081302.053
0.3388,1081648.6
0.3389,1081994.798
0.339,1082340.647
0.3391,1082686.147
0.3392,1083031.297
0.3393,1083376.095
0.3394,1083720.541
0.3395,1084064.633
0.3396,1084408.372
0.3397,1084751.756
0.3398,1085094.784
0.3399,1085437.456
0.34,1085779.77
0.3401,1086121.726
0.3402,1086463.323
0.3403,1086804.559
0.3404,1087145.435
0.3405,1087485.949
0.3406,1087826.101
0.3407,1088165.888
0.3408,1088505.312
0.3409,1088844.37
0.341,1089183.063
0.3411,1089521.388
0.3412,1089859.346
0.3413,1090196.935
0.3414,1090534.154
0.3415,1090871.003
0.3416,1091207.481
0.3417,1091543.586
0.3418,1091879.319
0.3419,1092214.678
0.342,1092549.662
0.3421,1092884.27
0.3422,1093218.502
0.3423,1093552.357
0.3424,1093885.834
0.3425,1094218.932
0.3426,1094551.649
0.3427,1094883.986
0.3428,1095215.942
0.3429,1095547.515
0.343,1095878.705
0.3431,1096209.51
0.3432,1096539.931
0.3433,1096869.965
0.3434,1097199.613
0.3435,1097528.874
0.3436,1097857.746
0.3437,1098186.228
0.3438,1098514.321
0.3439,1098842.022
0.344,1099169.332
0.3441,1099496.248
0.3442,1099822.772
0.3443,1100148.9
0.3444,1100474.634
0.3445,1100799.971
0.3446,1101124.911
0.3447,1101449.454
0.3448,1101773.597
0.3449,1102097.342
0.345,1102420.685
0.3451,1102743.628
0.3452,1103066.168
0.3453,1103388.305
0.3454,1103710.039
0.3455,1104031.368
0.3456,1104352.291
0.3457,1104672.808
0.3458,1104992.918
0.3459,1105312.619
0.346,1105631.912
0.3461,1105950.795
0.3462,1106269.268
0.3463,1106587.328
0.3464,1106904.977
0.3465,1107222.212
0.3466,1107539.034
0.3467,1107855.44
0.3468,1108171.431
0.3469,1108487.006
0.347,1108802.163
0.3471,1109116.901
0.3472,1109431.221
0.3473,1109745.121
0.3474,1110058.6
0.3475,1110371.657
0.3476,1110684.292
0.3477,1110996.504
0.3478,1111308.291
0.3479,1111619.654
0.348,1111930.591
0.3481,1112241.101
0.3482,1112551.184
0.3483,1112860.838
0.3484,1113170.064
0.3485,1113478.859
0.3486,1113787.223
0.3487,1114095.156
0.3488,1114402.657
0.3489,1114709.724
0.349,1115016.357
0.3491,1115322.555
0.3492,1115628.317
0.3493,1115933.642
0.3494,1116238.53
0.3495,1116542.98
0.3496,1116846.991
0.3497,1117150.561
0.3498,1117453.691
0.3499,1117756.38
0.35,1118058.625
0.3501,1118360.428
0.3502,1118661.786
0.3503,1118962.7
0.3504,1119263.168
0.3505,1119563.189
0.3506,1119862.763
0.3507,1120161.888
0.3508,1120460.565
0.3509,1120758.792
0.351,1121056.568
0.3511,1121353.892
0.3512,1121650.765
0.3513,1121947.184
0.3514,1122243.149
0.3515,1122538.659
0.3516,1122833.714
0.3517,1123128.313
0.3518,1123422.454
0.3519,1123716.137
0.352,1124009.361
0.3521,1124302.126
0.3522,1124594.43
0.3523,1124886.273
0.3524,1125177.654
0.3525,1125468.572
0.3526,1125759.027
0.3527,1126049.017
0.3528,1126338.541
0.3529,1126627.6
0.353,1126916.191
0.3531,1127204.315
0.3532,1127491.97
0.3533,1127779.156
0.3534,1128065.872
0.3535,1128352.117
0.3536,1128637.89
0.3537,1128923.19
0.3538,1129208.018
0.3539,1129492.371
0.354,1129776.249
0.3541,1130059.651
0.3542,1130342.577
0.3543,1130625.026
0.3544,1130906.996
0.3545,1131188.488
0.3546,1131469.5
0.3547,1131750.031
0.3548,1132030.082
0.3549,1132309.65
0.355,1132588.735
0.3551,1132867.337
0.3552,1133145.454
0.3553,1133423.086
0.3554,1133700.232
0.3555,1133976.891
0.3556,1134253.063
0.3557,1134528.746
0.3558,1134803.94
0.3559,1135078.644
0.356,1135352.858
0.3561,1135626.58
0.3562,1135899.81
0.3563,1136172.547
0.3564,1136444.79
0.3565,1136716.539
0.3566,1136987.792
0.3567,1137258.549
0.3568,1137528.809
0.3569,1137798.572
0.357,1138067.836
0.3571,1138336.601
0.3572,1138604.866
0.3573,1138872.63
0.3574,1139139.893
0.3575,1139406.653
0.3576,1139672.911
0.3577,1139938.665
0.3578,1140203.914
0.3579,1140468.658
0.358,1140732.896
0.3581,1140996.627
0.3582,1141259.85
0.3583,1141522.565
0.3584,1141784.771
0.3585,1142046.468
0.3586,1142307.653
0.3587,1142568.328
0.3588,1142828.49
0.3589,1143088.139
0.359,1143347.275
0.3591,1143605.896
0.3592,1143864.003
0.3593,1144121.593
0.3594,1144378.667
0.3595,1144635.224
0.3596,1144891.263
0.3597,1145146.782
0.3598,1145401.783
0.3599,1145656.263
0.36,1145910.222
0.3601,1146163.659
0.3602,1146416.574
0.3603,1146668.965
0.3604,1146920.833
0.3605,1147172.175
0.3606,1147422.993
0.3607,1147673.284
0.3608,1147923.049
0.3609,1148172.286
0.361,1148420.994
0.3611,1148669.174
0.3612,1148916.823
0.3613,1149163.943
0.3614,1149410.531
0.3615,1149656.587
0.3616,1149902.11
0.3617,1150147.1
0.3618,1150391.556
0.3619,1150635.477
0.362,1150878.863
0.3621,1151121.713
0.3622,1151364.025
0.3623,1151605.8
0.3624,1151847.036
0.3625,1152087.734
0.3626,1152327.892
0.3627,1152567.509
0.3628,1152806.585
0.3629,1153045.119
0.363,1153283.111
0.3631,1153520.559
0.3632,1153757.463
0.3633,1153993.823
0.3634,1154229.637
0.3635,1154464.905
0.3636,1154699.627
0.3637,1154933.801
0.3638,1155167.427
0.3639,1155400.504
0.364,1155633.031
0.3641,1155865.009
0.3642,1156096.435
0.3643,1156327.31
0.3644,1156557.632
0.3645,1156787.402
0.3646,1157016.618
0.3647,1157245.28
0.3648,1157473.386
0.3649,1157700.938
0.365,1157927.932
0.3651,1158154.37
0.3652,1158380.25
0.3653,1158605.572
0.3654,1158830.335
0.3655,1159054.538
0.3656,1159278.18
0.3657,1159501.262
0.3658,1159723.782
0.3659,1159945.74
0.366,1160167.135
0.3661,1160387.966
0.3662,1160608.232
0.3663,1160827.934
0.3664,1161047.07
0.3665,1161265.64
0.3666,1161483.643
0.3667,1161701.078
0.3668,1161917.945
0.3669,1162134.244
0.367,1162349.972
0.3671,1162565.131
0.3672,1162779.719
0.3673,1162993.735
0.3674,1163207.179
0.3675,1163420.05
0.3676,1163632.348
0.3677,1163844.072
0.3678,1164055.222
0.3679,1164265.796
0.368,1164475.794
0.3681,1164685.216
0.3682,1164894.06
0.3683,1165102.327
0.3684,1165310.015
0.3685,1165517.124
0.3686,1165723.654
0.3687,1165929.603
0.3688,1166134.972
0.3689,1166339.758
0.369,1166543.963
0.3691,1166747.585
0.3692,1166950.623
0.3693,1167153.078
0.3694,1167354.948
0.3695,1167556.233
0.3696,1167756.932
0.3697,1167957.044
0.3698,1168156.57
0.3699,1168355.507
0.37,1168553.857
0.3701,1168751.618
0.3702,1168948.789
0.3703,1169145.37
0.3704,1169341.361
0.3705,1169536.761
0.3706,1169731.568
0.3707,1169925.784
0.3708,1170119.406
0.3709,1170312.435
0.371,1170504.869
0.3711,1170696.709
0.3712,1170887.954
0.3713,1171078.602
0.3714,1171268.654
0.3715,1171458.11
0.3716,1171646.967
0.3717,1171835.226
0.3718,1172022.887
0.3719,1172209.948
0.372,1172396.409
0.3721,1172582.27
0.3722,1172767.529
0.3723,1172952.187
0.3724,1173136.243
0.3725,1173319.696
0.3726,1173502.546
0.3727,1173684.792
0.3728,1173866.434
0.3729,1174047.47
0.373,1174227.901
0.3731,1174407.726
0.3732,1174586.945
0.3733,1174765.556
0.3734,1174943.56
0.3735,1175120.955
0.3736,1175297.741
0.3737,1175473.918
0.3738,1175649.486
0.3739,1175824.442
0.374,1175998.788
0.3741,1176172.523
0.3742,1176345.645
0.3743,1176518.155
0.3744,1176690.052
0.3745,1176861.335
0.3746,1177032.004
0.3747,1177202.058
0.3748,1177371.497
0.3749,1177540.321
0.375,1177708.528
0.3751,1177876.118
0.3752,1178043.092
0.3753,1178209.447
0.3754,1178375.185
0.3755,1178540.303
0.3756,1178704.802
0.3757,1178868.682
0.3758,1179031.941
0.3759,1179194.579
0.376,1179356.596
0.3761,1179517.991
0.3762,1179678.764
0.3763,1179838.914
0.3764,1179998.441
0.3765,1180157.344
0.3766,1180315.623
0.3767,1180473.277
0.3768,1180630.306
0.3769,1180786.709
0.377,1180942.486
0.3771,1181097.636
0.3772,1181252.159
0.3773,1181406.055
0.3774,1181559.322
0.3775,1181711.961
0.3776,1181863.97
0.3777,1182015.351
0.3778,1182166.101
0.3779,1182316.22
0.378,1182465.709
0.3781,1182614.566
0.3782,1182762.792
0.3783,1182910.385
0.3784,1183057.345
0.3785,1183203.672
0.3786,1183349.366
0.3787,1183494.425
0.3788,1183638.85
0.3789,1183782.64
0.379,1183925.794
0.3791,1184068.312
0.3792,1184210.194
0.3793,1184351.44
0.3794,1184492.048
0.3795,1184632.018
0.3796,1184771.35
0.3797,1184910.044
0.3798,1185048.098
0.3799,1185185.514
0.38,1185322.289
0.3801,1185458.424
0.3802,1185593.919
0.3803,1185728.772
0.3804,1185862.984
0.3805,1185996.554
0.3806,1186129.482
0.3807,1186261.767
0.3808,1186393.408
0.3809,1186524.406
0.381,1186654.761
0.3811,1186784.47
0.3812,1186913.535
0.3813,1187041.955
0.3814,1187169.729
0.3815,1187296.857
0.3816,1187423.339
0.3817,1187549.174
0.3818,1187674.362
0.3819,1187798.902
0.382,1187922.794
0.3821,1188046.038
0.3822,1188168.633
0.3823,1188290.579
0.3824,1188411.876
0.3825,1188532.522
0.3826,1188652.519
0.3827,1188771.864
0.3828,1188890.559
0.3829,1189008.603
0.383,1189125.994
0.3831,1189242.734
0.3832,1189358.821
0.3833,1189474.255
0.3834,1189589.036
0.3835,1189703.164
0.3836,1189816.637
0.3837,1189929.457
0.3838,1190041.621
0.3839,1190153.131
0.384,1190263.986
0.3841,1190374.184
0.3842,1190483.727
0.3843,1190592.614
0.3844,1190700.843
0.3845,1190808.416
0.3846,1190915.331
0.3847,1191021.589
0.3848,1191127.189
0.3849,1191232.13
0.385,1191336.413
0.3851,1191440.036
0.3852,1191543
0.3853,1191645.305
0.3854,1191746.949
0.3855,1191847.934
0.3856,1191948.257
0.3857,1192047.92
0.3858,1192146.921
0.3859,1192245.261
0.386,1192342.939
0.3861,1192439.955
0.3862,1192536.308
0.3863,1192631.999
0.3864,1192727.026
0.3865,1192821.39
0.3866,1192915.091
0.3867,1193008.127
0.3868,1193100.499
0.3869,1193192.207
0.387,1193283.25
0.3871,1193373.627
0.3872,1193463.34
0.3873,1193552.386
0.3874,1193640.767
0.3875,1193728.481
0.3876,1193815.529
0.3877,1193901.91
0.3878,1193987.624
0.3879,1194072.67
0.388,1194157.049
0.3881,1194240.76
0.3882,1194323.803
0.3883,1194406.178
0.3884,1194487.884
0.3885,1194568.921
0.3886,1194649.289
0.3887,1194728.987
0.3888,1194808.016
0.3889,1194886.375
0.389,1194964.064
0.3891,1195041.082
0.3892,1195117.429
0.3893,1195193.106
0.3894,1195268.112
0.3895,1195342.446
0.3896,1195416.109
0.3897,1195489.1
0.3898,1195561.418
0.3899,1195633.065
0.39,1195704.039
0.3901,1195774.34
0.3902,1195843.968
0.3903,1195912.923
0.3904,1195981.205
0.3905,1196048.813
0.3906,1196115.748
0.3907,1196182.008
0.3908,1196247.594
0.3909,1196312.505
0.391,1196376.742
0.3911,1196440.304
0.3912,1196503.191
0.3913,1196565.403
0.3914,1196626.94
0.3915,1196687.8
0.3916,1196747.985
0.3917,1196807.494
0.3918,1196866.327
0.3919,1196924.483
0.392,1196981.963
0.3921,1197038.766
0.3922,1197094.892
0.3923,1197150.34
0.3924,1197205.112
0.3925,1197259.206
0.3926,1197312.623
0.3927,1197365.362
0.3928,1197417.422
0.3929,1197468.805
0.393,1197519.509
0.3931,1197569.535
0.3932,1197618.883
0.3933,1197667.551
0.3934,1197715.541
0.3935,1197762.852
0.3936,1197809.483
0.3937,1197855.435
0.3938,1197900.708
0.3939,1197945.301
0.394,1197989.214
0.3941,1198032.447
0.3942,1198075
0.3943,1198116.873
0.3944,1198158.066
0.3945,1198198.578
0.3946,1198238.41
0.3947,1198277.561
0.3948,1198316.031
0.3949,1198353.82
0.395,1198390.928
0.3951,1198427.355
0.3952,1198463.101
0.3953,1198498.165
0.3954,1198532.548
0.3955,1198566.249
0.3956,1198599.269
0.3957,1198631.606
0.3958,1198663.262
0.3959,1198694.236
0.396,1198724.527
0.3961,1198754.136
0.3962,1198783.063
0.3963,1198811.308
0.3964,1198838.87
0.3965,1198865.75
0.3966,1198891.947
0.3967,1198917.461
0.3968,1198942.292
0.3969,1198966.44
0.397,1198989.906
0.3971,1199012.688
0.3972,1199034.788
0.3973,1199056.204
0.3974,1199076.937
0.3975,1199096.986
0.3976,1199116.352
0.3977,1199135.035
0.3978,1199153.035
0.3979,1199170.35
0.398,1199186.982
0.3981,1199202.931
0.3982,1199218.196
0.3983,1199232.777
0.3984,1199246.674
0.3985,1199259.887
0.3986,1199272.417
0.3987,1199284.263
0.3988,1199295.424
0.3989,1199305.902
0.399,1199315.696
0.3991,1199324.805
0.3992,1199333.231
0.3993,1199340.973
0.3994,1199348.03
0.3995,1199354.403
0.3996,1199360.092
0.3997,1199365.097
0.3998,1199369.418
0.3999,1199373.055
0.4,1199376.007
