0,499653798
0.0001,499653798
0.0002,499653798
0.0003,499653798
0.0004,499653798
0.0005,499653798
0.0006,499653798
0.0007,499653798
0.0008,499653798
0.0009,499653798
0.001,499653798
0.0011,499653798
0.0012,499653798
0.0013,499653798
0.0014,499653798
0.0015,499653798
0.0016,499653798
0.0017,499653798
0.0018,499653798
0.0019,499653798
0.002,499653798
0.0021,499653798
0.0022,499653798
0.0023,499653798
0.0024,499653798
0.0025,499653798
0.0026,499653798
0.0027,499653798
0.0028,499653798
0.0029,499653798
0.003,499653798
0.0031,499653798
0.0032,499653798
0.0033,499653798
0.0034,499653798
0.0035,499653798
0.0036,499653798
0.0037,499653798
0.0038,499653798
0.0039,499653798
0.004,499653798
0.0041,499653798
0.0042,499653798
0.0043,499653798
0.0044,499653798
0.0045,499653798
0.0046,499653798
0.0047,499653798
0.0048,499653798
0.0049,499653798
0.005,499653798
0.0051,499653798
0.0052,499653798
0.0053,499653798
0.0054,499653798
0.0055,499653798
0.0056,499653798
0.0057,499653798
0.0058,499653798
0.0059,499653798
0.006,499653798
0.0061,499653798
0.0062,499653798
0.0063,499653798
0.0064,499653798
0.0065,499653798
0.0066,499653798
0.0067,499653798
0.0068,499653798
0.0069,499653798
0.007,499653798
0.0071,499653798
0.0072,499653798
0.0073,499653798
0.0074,499653798
0.0075,499653798
0.0076,499653798
0.0077,499653798
0.0078,499653798
0.0079,499653798
0.008,499653798
0.0081,499653798
0.0082,499653798
0.0083,499653798
0.0084,499653798
0.0085,499653798
0.0086,499653798
0.0087,499653798
0.0088,499653798
0.0089,499653798
0.009,499653798
0.0091,499653798
0.0092,499653798
0.0093,499653798
0.0094,499653798
0.0095,499653798
0.0096,499653798
0.0097,499653798
0.0098,499653798
0.0099,499653798
0.01,499653798
0.0101,499653798
0.0102,499653798
0.0103,499653798
0.0104,499653798
0.0105,499653798
0.0106,499653798
0.0107,499653798
0.0108,499653798
0.0109,499653798
0.011,499653798
0.0111,499653798
0.0112,499653798
0.0113,499653798
0.0114,499653798
0.0115,499653798
0.0116,499653798
0.0117,499653798
0.0118,499653798
0.0119,499653798
0.012,499653798
0.0121,499653798
0.0122,499653798
0.0123,499653798
0.0124,499653798
0.0125,499653798
0.0126,499653798
0.0127,499653798
0.0128,499653798
0.0129,499653798
0.013,499653798
0.0131,499653798
0.0132,499653798
0.0133,499653798
0.0134,499653798
0.0135,499653798
0.0136,499653798
0.0137,499653798
0.0138,499653798
0.0139,499653798
0.014,499653798
0.0141,499653798
0.0142,499653798
0.0143,499653798
0.0144,499653798
0.0145,499653798
0.0146,499653798
0.0147,499653798
0.0148,499653798
0.0149,499653798
0.015,499653798
0.0151,499653798
0.0152,499653798
0.0153,499653798
0.0154,499653798
0.0155,499653798
0.0156,499653798
0.0157,499653798
0.0158,499653798
0.0159,499653798
0.016,499653798
0.0161,499653798
0.0162,499653798
0.0163,499653798
0.0164,499653798
0.0165,499653798
0.0166,499653798
0.0167,499653798
0.0168,499653798
0.0169,499653798
0.017,499653798
0.0171,499653798
0.0172,499653798
0.0173,499653798
0.0174,499653798
0.0175,499653798
0.0176,499653798
0.0177,499653798
0.0178,499653798
0.0179,499653798
0.018,499653798
0.0181,499653798
0.0182,499653798
0.0183,499653798
0.0184,499653798
0.0185,499653798
0.0186,499653798
0.0187,499653798
0.0188,499653798
0.0189,499653798
0.019,499653798
0.0191,499653798
0.0192,499653798
0.0193,499653798
0.0194,499653798
0.0195,499653798
0.0196,499653798
0.0197,499653798
0.0198,499653798
0.0199,499653798
0.02,499653798
0.0201,499653798
0.0202,499653798
0.0203,499653798
0.0204,499653798
0.0205,499653798
0.0206,499653798
0.0207,499653798
0.0208,499653798
0.0209,499653798
0.021,499653798
0.0211,499653798
0.0212,499653798
0.0213,499653798
0.0214,499653798
0.0215,499653798
0.0216,499653798
0.0217,499653798
0.0218,499653798
0.0219,499653798
0.022,499653798
0.0221,499653798
0.0222,499653798
0.0223,499653798
0.0224,499653798
0.0225,499653798
0.0226,499653798
0.0227,499653798
0.0228,499653798
0.0229,499653798
0.023,499653798
0.0231,499653798
0.0232,499653798
0.0233,499653798
0.0234,499653798
0.0235,499653798
0.0236,499653798
0.0237,499653798
0.0238,499653798
0.0239,499653798
0.024,499653798
0.0241,499653798
0.0242,499653798
0.0243,499653798
0.0244,499653798
0.0245,499653798
0.0246,499653798
0.0247,499653798
0.0248,499653798
0.0249,499653798
0.025,499653798
0.0251,499653798
0.0252,499653798
0.0253,499653798
0.0254,499653798
0.0255,499653798
0.0256,499653798
0.0257,499653798
0.0258,499653798
0.0259,499653798
0.026,499653798
0.0261,499653798
0.0262,499653798
0.0263,499653798
0.0264,499653798
0.0265,499653798
0.0266,499653798
0.0267,499653798
0.0268,499653798
0.0269,499653798
0.027,499653798
0.0271,499653798
0.0272,499653798
0.0273,499653798
0.0274,499653798
0.0275,499653798
0.0276,499653798
0.0277,499653798
0.0278,499653798
0.0279,499653798
0.028,499653798
0.0281,499653798
0.0282,499653798
0.0283,499653798
0.0284,499653798
0.0285,499653798
0.0286,499653798
0.0287,499653798
0.0288,499653798
0.0289,499653798
0.029,499653798
0.0291,499653798
0.0292,499653798
0.0293,499653798
0.0294,499653798
0.0295,499653798
0.0296,499653798
0.0297,499653798
0.0298,499653798
0.0299,499653798
0.03,499653798
0.0301,499653798
0.0302,499653798
0.0303,499653798
0.0304,499653798
0.0305,499653798
0.0306,499653798
0.0307,499653798
0.0308,499653798
0.0309,499653798
0.031,499653798
0.0311,499653798
0.0312,499653798
0.0313,499653798
0.0314,499653798
0.0315,499653798
0.0316,499653798
0.0317,499653798
0.0318,499653798
0.0319,499653798
0.032,499653798
0.0321,499653798
0.0322,499653798
0.0323,499653798
0.0324,499653798
0.0325,499653798
0.0326,499653798
0.0327,499653798
0.0328,499653798
0.0329,499653798
0.033,499653798
0.0331,499653798
0.0332,499653798
0.0333,499653798
0.0334,499653798
0.0335,499653798
0.0336,499653798
0.0337,499653798
0.0338,499653798
0.0339,499653798
0.034,499653798
0.0341,499653798
0.0342,499653798
0.0343,499653798
0.0344,499653798
0.0345,499653798
0.0346,499653798
0.0347,499653798
0.0348,499653798
0.0349,499653798
0.035,499653798
0.0351,499653798
0.0352,499653798
0.0353,499653798
0.0354,499653798
0.0355,499653798
0.0356,499653798
0.0357,499653798
0.0358,499653798
0.0359,499653798
0.036,499653798
0.0361,499653798
0.0362,499653798
0.0363,499653798
0.0364,499653798
0.0365,499653798
0.0366,499653798
0.0367,499653798
0.0368,499653798
0.0369,499653798
0.037,499653798
0.0371,499653798
0.0372,499653798
0.0373,499653798
0.0374,499653798
0.0375,499653798
0.0376,499653798
0.0377,499653798
0.0378,499653798
0.0379,499653798
0.038,499653798
0.0381,499653798
0.0382,499653798
0.0383,499653798
0.0384,499653798
0.0385,499653798
0.0386,499653798
0.0387,499653798
0.0388,499653798
0.0389,499653798
0.039,499653798
0.0391,499653798
0.0392,499653798
0.0393,499653798
0.0394,499653798
0.0395,499653798
0.0396,499653798
0.0397,499653798
0.0398,499653798
0.0399,499653798
0.04,499653798
0.0401,499653798
0.0402,499653798
0.0403,499653798
0.0404,499653798
0.0405,499653798
0.0406,499653798
0.0407,499653798
0.0408,499653798
0.0409,499653798
0.041,499653798
0.0411,499653798
0.0412,499653798
0.0413,499653798
0.0414,499653798
0.0415,499653798
0.0416,499653798
0.0417,499653798
0.0418,499653798
0.0419,499653798
0.042,499653798
0.0421,499653798
0.0422,499653798
0.0423,499653798
0.0424,499653798
0.0425,499653798
0.0426,499653798
0.0427,499653798
0.0428,499653798
0.0429,499653798
0.043,499653798
0.0431,499653798
0.0432,499653798
0.0433,499653798
0.0434,499653798
0.0435,499653798
0.0436,499653798
0.0437,499653798
0.0438,499653798
0.0439,499653798
0.044,499653798
0.0441,499653798
0.0442,499653798
0.0443,499653798
0.0444,499653798
0.0445,499653798
0.0446,499653798
0.0447,499653798
0.0448,499653798
0.0449,499653798
0.045,499653798
0.0451,499653798
0.0452,499653798
0.0453,499653798
0.0454,499653798
0.0455,499653798
0.0456,499653798
0.0457,499653798
0.0458,499653798
0.0459,499653798
0.046,499653798
0.0461,499653798
0.0462,499653798
0.0463,499653798
0.0464,499653798
0.0465,499653798
0.0466,499653798
0.0467,499653798
0.0468,499653798
0.0469,499653798
0.047,499653798
0.0471,499653798
0.0472,499653798
0.0473,499653798
0.0474,499653798
0.0475,499653798
0.0476,499653798
0.0477,499653798
0.0478,499653798
0.0479,499653798
0.048,499653798
0.0481,499653798
0.0482,499653798
0.0483,499653798
0.0484,499653798
0.0485,499653798
0.0486,499653798
0.0487,499653798
0.0488,499653798
0.0489,499653798
0.049,499653798
0.0491,499653798
0.0492,499653798
0.0493,499653798
0.0494,499653798
0.0495,499653798
0.0496,499653798
0.0497,499653798
0.0498,499653798
0.0499,499653798
0.05,499653798
0.0501,499653798
0.0502,499653798
0.0503,499653798
0.0504,499653798
0.0505,499653798
0.0506,499653798
0.0507,499653798
0.0508,499653798
0.0509,499653798
0.051,499653798
0.0511,499653798
0.0512,499653798
0.0513,499653798
0.0514,499653798
0.0515,499653798
0.0516,499653798
0.0517,499653798
0.0518,499653798
0.0519,499653798
0.052,499653798
0.0521,499653798
0.0522,499653798
0.0523,499653798
0.0524,499653798
0.0525,499653798
0.0526,499653798
0.0527,499653798
0.0528,499653798
0.0529,499653798
0.053,499653798
0.0531,499653798
0.0532,499653798
0.0533,499653798
0.0534,499653798
0.0535,499653798
0.0536,499653798
0.0537,499653798
0.0538,499653798
0.0539,499653798
0.054,499653798
0.0541,499653798
0.0542,499653798
0.0543,499653798
0.0544,499653798
0.0545,499653798
0.0546,499653798
0.0547,499653798
0.0548,499653798
0.0549,499653798
0.055,499653798
0.0551,499653798
0.0552,499653798
0.0553,499653798
0.0554,499653798
0.0555,499653798
0.0556,499653798
0.0557,499653798
0.0558,499653798
0.0559,499653798
0.056,499653798
0.0561,499653798
0.0562,499653798
0.0563,499653798
0.0564,499653798
0.0565,499653798
0.0566,499653798
0.0567,499653798
0.0568,499653798
0.0569,499653798
0.057,499653798
0.0571,499653798
0.0572,499653798
0.0573,499653798
0.0574,499653798
0.0575,499653798
0.0576,499653798
0.0577,499653798
0.0578,499653798
0.0579,499653798
0.058,499653798
0.0581,499653798
0.0582,499653798
0.0583,499653798
0.0584,499653798
0.0585,499653798
0.0586,499653798
0.0587,499653798
0.0588,499653798
0.0589,499653798
0.059,499653798
0.0591,499653798
0.0592,499653798
0.0593,499653798
0.0594,499653798
0.0595,499653798
0.0596,499653798
0.0597,499653798
0.0598,499653798
0.0599,499653798
0.06,499653798
0.0601,499653798
0.0602,499653798
0.0603,499653798
0.0604,499653798
0.0605,499653798
0.0606,499653798
0.0607,499653798
0.0608,499653798
0.0609,499653798
0.061,499653798
0.0611,499653798
0.0612,499653798
0.0613,499653798
0.0614,499653798
0.0615,499653798
0.0616,499653798
0.0617,499653798
0.0618,499653798
0.0619,499653798
0.062,499653798
0.0621,499653798
0.0622,499653798
0.0623,499653798
0.0624,499653798
0.0625,499653798
0.0626,499653798
0.0627,499653798
0.0628,499653798
0.0629,499653798
0.063,499653798
0.0631,499653798
0.0632,499653798
0.0633,499653798
0.0634,499653798
0.0635,499653798
0.0636,499653798
0.0637,499653798
0.0638,499653798
0.0639,499653798
0.064,499653798
0.0641,499653798
0.0642,499653798
0.0643,499653798
0.0644,499653798
0.0645,499653798
0.0646,499653798
0.0647,499653798
0.0648,499653798
0.0649,499653798
0.065,499653798
0.0651,499653798
0.0652,499653798
0.0653,499653798
0.0654,499653798
0.0655,499653798
0.0656,499653798
0.0657,499653798
0.0658,499653798
0.0659,499653798
0.066,499653798
0.0661,499653798
0.0662,499653798
0.0663,499653798
0.0664,499653798
0.0665,499653798
0.0666,499653798
0.0667,499653798
0.0668,499653798
0.0669,499653798
0.067,499653798
0.0671,499653798
0.0672,499653798
0.0673,499653798
0.0674,499653798
0.0675,499653798
0.0676,499653798
0.0677,499653798
0.0678,499653798
0.0679,499653798
0.068,499653798
0.0681,499653798
0.0682,499653798
0.0683,499653798
0.0684,499653798
0.0685,499653798
0.0686,499653798
0.0687,499653798
0.0688,499653798
0.0689,499653798
0.069,499653798
0.0691,499653798
0.0692,499653798
0.0693,499653798
0.0694,499653798
0.0695,499653798
0.0696,499653798
0.0697,499653798
0.0698,499653798
0.0699,499653798
0.07,499653798
0.0701,499653798
0.0702,499653798
0.0703,499653798
0.0704,499653798
0.0705,499653798
0.0706,499653798
0.0707,499653798
0.0708,499653798
0.0709,499653798
0.071,499653798
0.0711,499653798
0.0712,499653798
0.0713,499653798
0.0714,499653798
0.0715,499653798
0.0716,499653798
0.0717,499653798
0.0718,499653798
0.0719,499653798
0.072,499653798
0.0721,499653798
0.0722,499653798
0.0723,499653798
0.0724,499653798
0.0725,499653798
0.0726,499653798
0.0727,499653798
0.0728,499653798
0.0729,499653798
0.073,499653798
0.0731,499653798
0.0732,499653798
0.0733,499653798
0.0734,499653798
0.0735,499653798
0.0736,499653798
0.0737,499653798
0.0738,499653798
0.0739,499653798
0.074,499653798
0.0741,499653798
0.0742,499653798
0.0743,499653798
0.0744,499653798
0.0745,499653798
0.0746,499653798
0.0747,499653798
0.0748,499653798
0.0749,499653798
0.075,499653798
0.0751,499653798
0.0752,499653798
0.0753,499653798
0.0754,499653798
0.0755,499653798
0.0756,499653798
0.0757,499653798
0.0758,499653798
0.0759,499653798
0.076,499653798
0.0761,499653798
0.0762,499653798
0.0763,499653798
0.0764,499653798
0.0765,499653798
0.0766,499653798
0.0767,499653798
0.0768,499653798
0.0769,499653798
0.077,499653798
0.0771,499653798
0.0772,499653798
0.0773,499653798
0.0774,499653798
0.0775,499653798
0.0776,499653798
0.0777,499653798
0.0778,499653798
0.0779,499653798
0.078,499653798
0.0781,499653798
0.0782,499653798
0.0783,499653798
0.0784,499653798
0.0785,499653798
0.0786,499653798
0.0787,499653798
0.0788,499653798
0.0789,499653798
0.079,499653798
0.0791,499653798
0.0792,499653798
0.0793,499653798
0.0794,499653798
0.0795,499653798
0.0796,499653798
0.0797,499653798
0.0798,499653798
0.0799,499653798
0.08,499653798
0.0801,499653798
0.0802,499653798
0.0803,499653798
0.0804,499653798
0.0805,499653798
0.0806,499653798
0.0807,499653798
0.0808,499653798
0.0809,499653798
0.081,499653798
0.0811,499653798
0.0812,499653798
0.0813,499653798
0.0814,499653798
0.0815,499653798
0.0816,499653798
0.0817,499653798
0.0818,499653798
0.0819,499653798
0.082,499653798
0.0821,499653798
0.0822,499653798
0.0823,499653798
0.0824,499653798
0.0825,499653798
0.0826,499653798
0.0827,499653798
0.0828,499653798
0.0829,499653798
0.083,499653798
0.0831,499653798
0.0832,499653798
0.0833,499653798
0.0834,499653798
0.0835,499653798
0.0836,499653798
0.0837,499653798
0.0838,499653798
0.0839,499653798
0.084,499653798
0.0841,499653798
0.0842,499653798
0.0843,499653798
0.0844,499653798
0.0845,499653798
0.0846,499653798
0.0847,499653798
0.0848,499653798
0.0849,499653798
0.085,499653798
0.0851,499653798
0.0852,499653798
0.0853,499653798
0.0854,499653798
0.0855,499653798
0.0856,499653798
0.0857,499653798
0.0858,499653798
0.0859,499653798
0.086,499653798
0.0861,499653798
0.0862,499653798
0.0863,499653798
0.0864,499653798
0.0865,499653798
0.0866,499653798
0.0867,499653798
0.0868,499653798
0.0869,499653798
0.087,499653798
0.0871,499653798
0.0872,499653798
0.0873,499653798
0.0874,499653798
0.0875,499653798
0.0876,499653798
0.0877,499653798
0.0878,499653798
0.0879,499653798
0.088,499653798
0.0881,499653798
0.0882,499653798
0.0883,499653798
0.0884,499653798
0.0885,499653798
0.0886,499653798
0.0887,499653798
0.0888,499653798
0.0889,499653798
0.089,499653798
0.0891,499653798
0.0892,499653798
0.0893,499653798
0.0894,499653798
0.0895,499653798
0.0896,499653798
0.0897,499653798
0.0898,499653798
0.0899,499653798
0.09,499653798
0.0901,499653798
0.0902,499653798
0.0903,499653798
0.0904,499653798
0.0905,499653798
0.0906,499653798
0.0907,499653798
0.0908,499653798
0.0909,499653798
0.091,499653798
0.0911,499653798
0.0912,499653798
0.0913,499653798
0.0914,499653798
0.0915,499653798
0.0916,499653798
0.0917,499653798
0.0918,499653798
0.0919,499653798
0.092,499653798
0.0921,499653798
0.0922,499653798
0.0923,499653798
0.0924,499653798
0.0925,499653798
0.0926,499653798
0.0927,499653798
0.0928,499653798
0.0929,499653798
0.093,499653798
0.0931,499653798
0.0932,499653798
0.0933,499653798
0.0934,499653798
0.0935,499653798
0.0936,499653798
0.0937,499653798
0.0938,499653798
0.0939,499653798
0.094,499653798
0.0941,499653798
0.0942,499653798
0.0943,499653798
0.0944,499653798
0.0945,499653798
0.0946,499653798
0.0947,499653798
0.0948,499653798
0.0949,499653798
0.095,499653798
0.0951,499653798
0.0952,499653798
0.0953,499653798
0.0954,499653798
0.0955,499653798
0.0956,499653798
0.0957,499653798
0.0958,499653798
0.0959,499653798
0.096,499653798
0.0961,499653798
0.0962,499653798
0.0963,499653798
0.0964,499653798
0.0965,499653798
0.0966,499653798
0.0967,499653798
0.0968,499653798
0.0969,499653798
0.097,499653798
0.0971,499653798
0.0972,499653798
0.0973,499653798
0.0974,499653798
0.0975,499653798
0.0976,499653798
0.0977,499653798
0.0978,499653798
0.0979,499653798
0.098,499653798
0.0981,499653798
0.0982,499653798
0.0983,499653798
0.0984,499653798
0.0985,499653798
0.0986,499653798
0.0987,499653798
0.0988,499653798
0.0989,499653798
0.099,499653798
0.0991,499653798
0.0992,499653798
0.0993,499653798
0.0994,499653798
0.0995,499653798
0.0996,499653798
0.0997,499653798
0.0998,499653798
0.0999,499653798
0.1,499653798
0.1001,499653798
0.1002,499653798
0.1003,499653798
0.1004,499653798
0.1005,499653798
0.1006,499653798
0.1007,499653798
0.1008,499653798
0.1009,499653798
0.101,499653798
0.1011,499653798
0.1012,499653798
0.1013,499653798
0.1014,499653798
0.1015,499653798
0.1016,499653798
0.1017,499653798
0.1018,499653798
0.1019,499653798
0.102,499653798
0.1021,499653798
0.1022,499653798
0.1023,499653798
0.1024,499653798
0.1025,499653798
0.1026,499653798
0.1027,499653798
0.1028,499653798
0.1029,499653798
0.103,499653798
0.1031,499653798
0.1032,499653798
0.1033,499653798
0.1034,499653798
0.1035,499653798
0.1036,499653798
0.1037,499653798
0.1038,499653798
0.1039,499653798
0.104,499653798
0.1041,499653798
0.1042,499653798
0.1043,499653798
0.1044,499653798
0.1045,499653798
0.1046,499653798
0.1047,499653798
0.1048,499653798
0.1049,499653798
0.105,499653798
0.1051,499653798
0.1052,499653798
0.1053,499653798
0.1054,499653798
0.1055,499653798
0.1056,499653798
0.1057,499653798
0.1058,499653798
0.1059,499653798
0.106,499653798
0.1061,499653798
0.1062,499653798
0.1063,499653798
0.1064,499653798
0.1065,499653798
0.1066,499653798
0.1067,499653798
0.1068,499653798
0.1069,499653798
0.107,499653798
0.1071,499653798
0.1072,499653798
0.1073,499653798
0.1074,499653798
0.1075,499653798
0.1076,499653798
0.1077,499653798
0.1078,499653798
0.1079,499653798
0.108,499653798
0.1081,499653798
0.1082,499653798
0.1083,499653798
0.1084,499653798
0.1085,499653798
0.1086,499653798
0.1087,499653798
0.1088,499653798
0.1089,499653798
0.109,499653798
0.1091,499653798
0.1092,499653798
0.1093,499653798
0.1094,499653798
0.1095,499653798
0.1096,499653798
0.1097,499653798
0.1098,499653798
0.1099,499653798
0.11,499653798
0.1101,499653798
0.1102,499653798
0.1103,499653798
0.1104,499653798
0.1105,499653798
0.1106,499653798
0.1107,499653798
0.1108,499653798
0.1109,499653798
0.111,499653798
0.1111,499653798
0.1112,499653798
0.1113,499653798
0.1114,499653798
0.1115,499653798
0.1116,499653798
0.1117,499653798
0.1118,499653798
0.1119,499653798
0.112,499653798
0.1121,499653798
0.1122,499653798
0.1123,499653798
0.1124,499653798
0.1125,499653798
0.1126,499653798
0.1127,499653798
0.1128,499653798
0.1129,499653798
0.113,499653798
0.1131,499653798
0.1132,499653798
0.1133,499653798
0.1134,499653798
0.1135,499653798
0.1136,499653798
0.1137,499653798
0.1138,499653798
0.1139,499653798
0.114,499653798
0.1141,499653798
0.1142,499653798
0.1143,499653798
0.1144,499653798
0.1145,499653798
0.1146,499653798
0.1147,499653798
0.1148,499653798
0.1149,499653798
0.115,499653798
0.1151,499653798
0.1152,499653798
0.1153,499653798
0.1154,499653798
0.1155,499653798
0.1156,499653798
0.1157,499653798
0.1158,499653798
0.1159,499653798
0.116,499653798
0.1161,499653798
0.1162,499653798
0.1163,499653798
0.1164,499653798
0.1165,499653798
0.1166,499653798
0.1167,499653798
0.1168,499653798
0.1169,499653798
0.117,499653798
0.1171,499653798
0.1172,499653798
0.1173,499653798
0.1174,499653798
0.1175,499653798
0.1176,499653798
0.1177,499653798
0.1178,499653798
0.1179,499653798
0.118,499653798
0.1181,499653798
0.1182,499653798
0.1183,499653798
0.1184,499653798
0.1185,499653798
0.1186,499653798
0.1187,499653798
0.1188,499653798
0.1189,499653798
0.119,499653798
0.1191,499653798
0.1192,499653798
0.1193,499653798
0.1194,499653798
0.1195,499653798
0.1196,499653798
0.1197,499653798
0.1198,499653798
0.1199,499653798
0.12,499653798
0.1201,499653798
0.1202,499653798
0.1203,499653798
0.1204,499653798
0.1205,499653798
0.1206,499653798
0.1207,499653798
0.1208,499653798
0.1209,499653798
0.121,499653798
0.1211,499653798
0.1212,499653798
0.1213,499653798
0.1214,499653798
0.1215,499653798
0.1216,499653798
0.1217,499653798
0.1218,499653798
0.1219,499653798
0.122,499653798
0.1221,499653798
0.1222,499653798
0.1223,499653798
0.1224,499653798
0.1225,499653798
0.1226,499653798
0.1227,499653798
0.1228,499653798
0.1229,499653798
0.123,499653798
0.1231,499653798
0.1232,499653798
0.1233,499653798
0.1234,499653798
0.1235,499653798
0.1236,499653798
0.1237,499653798
0.1238,499653798
0.1239,499653798
0.124,499653798
0.1241,499653798
0.1242,499653798
0.1243,499653798
0.1244,499653798
0.1245,499653798
0.1246,499653798
0.1247,499653798
0.1248,499653798
0.1249,499653798
0.125,499653798
0.1251,499653798
0.1252,499653798
0.1253,499653798
0.1254,499653798
0.1255,499653798
0.1256,499653798
0.1257,499653798
0.1258,499653798
0.1259,499653798
0.126,499653798
0.1261,499653798
0.1262,499653798
0.1263,499653798
0.1264,499653798
0.1265,499653798
0.1266,499653798
0.1267,499653798
0.1268,499653798
0.1269,499653798
0.127,499653798
0.1271,499653798
0.1272,499653798
0.1273,499653798
0.1274,499653798
0.1275,499653798
0.1276,499653798
0.1277,499653798
0.1278,499653798
0.1279,499653798
0.128,499653798
0.1281,499653798
0.1282,499653798
0.1283,499653798
0.1284,499653798
0.1285,499653798
0.1286,499653798
0.1287,499653798
0.1288,499653798
0.1289,499653798
0.129,499653798
0.1291,499653798
0.1292,499653798
0.1293,499653798
0.1294,499653798
0.1295,499653798
0.1296,499653798
0.1297,499653798
0.1298,499653798
0.1299,499653798
0.13,499653798
0.1301,499653798
0.1302,499653798
0.1303,499653798
0.1304,499653798
0.1305,499653798
0.1306,499653798
0.1307,499653798
0.1308,499653798
0.1309,499653798
0.131,499653798
0.1311,499653798
0.1312,499653798
0.1313,499653798
0.1314,499653798
0.1315,499653798
0.1316,499653798
0.1317,499653798
0.1318,499653798
0.1319,499653798
0.132,499653798
0.1321,499653798
0.1322,499653798
0.1323,499653798
0.1324,499653798
0.1325,499653798
0.1326,499653798
0.1327,499653798
0.1328,499653798
0.1329,499653798
0.133,499653798
0.1331,499653798
0.1332,499653798
0.1333,499653798
0.1334,499653798
0.1335,499653798
0.1336,499653798
0.1337,499653798
0.1338,499653798
0.1339,499653798
0.134,499653798
0.1341,499653798
0.1342,499653798
0.1343,499653798
0.1344,499653798
0.1345,499653798
0.1346,499653798
0.1347,499653798
0.1348,499653798
0.1349,499653798
0.135,499653798
0.1351,499653798
0.1352,499653798
0.1353,499653798
0.1354,499653798
0.1355,499653798
0.1356,499653798
0.1357,499653798
0.1358,499653798
0.1359,499653798
0.136,499653798
0.1361,499653798
0.1362,499653798
0.1363,499653798
0.1364,499653798
0.1365,499653798
0.1366,499653798
0.1367,499653798
0.1368,499653798
0.1369,499653798
0.137,499653798
0.1371,499653798
0.1372,499653798
0.1373,499653798
0.1374,499653798
0.1375,499653798
0.1376,499653798
0.1377,499653798
0.1378,499653798
0.1379,499653798
0.138,499653798
0.1381,499653798
0.1382,499653798
0.1383,499653798
0.1384,499653798
0.1385,499653798
0.1386,499653798
0.1387,499653798
0.1388,499653798
0.1389,499653798
0.139,499653798
0.1391,499653798
0.1392,499653798
0.1393,499653798
0.1394,499653798
0.1395,499653798
0.1396,499653798
0.1397,499653798
0.1398,499653798
0.1399,499653798
0.14,499653798
0.1401,499653798
0.1402,499653798
0.1403,499653798
0.1404,499653798
0.1405,499653798
0.1406,499653798
0.1407,499653798
0.1408,499653798
0.1409,499653798
0.141,499653798
0.1411,499653798
0.1412,499653798
0.1413,499653798
0.1414,499653798
0.1415,499653798
0.1416,499653798
0.1417,499653798
0.1418,499653798
0.1419,499653798
0.142,499653798
0.1421,499653798
0.1422,499653798
0.1423,499653798
0.1424,499653798
0.1425,499653798
0.1426,499653798
0.1427,499653798
0.1428,499653798
0.1429,499653798
0.143,499653798
0.1431,499653798
0.1432,499653798
0.1433,499653798
0.1434,499653798
0.1435,499653798
0.1436,499653798
0.1437,499653798
0.1438,499653798
0.1439,499653798
0.144,499653798
0.1441,499653798
0.1442,499653798
0.1443,499653798
0.1444,499653798
0.1445,499653798
0.1446,499653798
0.1447,499653798
0.1448,499653798
0.1449,499653798
0.145,499653798
0.1451,499653798
0.1452,499653798
0.1453,499653798
0.1454,499653798
0.1455,499653798
0.1456,499653798
0.1457,499653798
0.1458,499653798
0.1459,499653798
0.146,499653798
0.1461,499653798
0.1462,499653798
0.1463,499653798
0.1464,499653798
0.1465,499653798
0.1466,499653798
0.1467,499653798
0.1468,499653798
0.1469,499653798
0.147,499653798
0.1471,499653798
0.1472,499653798
0.1473,499653798
0.1474,499653798
0.1475,499653798
0.1476,499653798
0.1477,499653798
0.1478,499653798
0.1479,499653798
0.148,499653798
0.1481,499653798
0.1482,499653798
0.1483,499653798
0.1484,499653798
0.1485,499653798
0.1486,499653798
0.1487,499653798
0.1488,499653798
0.1489,499653798
0.149,499653798
0.1491,499653798
0.1492,499653798
0.1493,499653798
0.1494,499653798
0.1495,499653798
0.1496,499653798
0.1497,499653798
0.1498,499653798
0.1499,499653798
0.15,499653798
0.1501,499653798
0.1502,499653798
0.1503,499653798
0.1504,499653798
0.1505,499653798
0.1506,499653798
0.1507,499653798
0.1508,499653798
0.1509,499653798
0.151,499653798
0.1511,499653798
0.1512,499653798
0.1513,499653798
0.1514,499653798
0.1515,499653798
0.1516,499653798
0.1517,499653798
0.1518,499653798
0.1519,499653798
0.152,499653798
0.1521,499653798
0.1522,499653798
0.1523,499653798
0.1524,499653798
0.1525,499653798
0.1526,499653798
0.1527,499653798
0.1528,499653798
0.1529,499653798
0.153,499653798
0.1531,499653798
0.1532,499653798
0.1533,499653798
0.1534,499653798
0.1535,499653798
0.1536,499653798
0.1537,499653798
0.1538,499653798
0.1539,499653798
0.154,499653798
0.1541,499653798
0.1542,499653798
0.1543,499653798
0.1544,499653798
0.1545,499653798
0.1546,499653798
0.1547,499653798
0.1548,499653798
0.1549,499653798
0.155,499653798
0.1551,499653798
0.1552,499653798
0.1553,499653798
0.1554,499653798
0.1555,499653798
0.1556,499653798
0.1557,499653798
0.1558,499653798
0.1559,499653798
0.156,499653798
0.1561,499653798
0.1562,499653798
0.1563,499653798
0.1564,499653798
0.1565,499653798
0.1566,499653798
0.1567,499653798
0.1568,499653798
0.1569,499653798
0.157,499653798
0.1571,499653798
0.1572,499653798
0.1573,499653798
0.1574,499653798
0.1575,499653798
0.1576,499653798
0.1577,499653798
0.1578,499653798
0.1579,499653798
0.158,499653798
0.1581,499653798
0.1582,499653798
0.1583,499653798
0.1584,499653798
0.1585,499653798
0.1586,499653798
0.1587,499653798
0.1588,499653798
0.1589,499653798
0.159,499653798
0.1591,499653798
0.1592,499653798
0.1593,499653798
0.1594,499653798
0.1595,499653798
0.1596,499653798
0.1597,499653798
0.1598,499653798
0.1599,499653798
0.16,499653798
0.1601,499653798
0.1602,499653798
0.1603,499653798
0.1604,499653798
0.1605,499653798
0.1606,499653798
0.1607,499653798
0.1608,499653798
0.1609,499653798
0.161,499653798
0.1611,499653798
0.1612,499653798
0.1613,499653798
0.1614,499653798
0.1615,499653798
0.1616,499653798
0.1617,499653798
0.1618,499653798
0.1619,499653798
0.162,499653798
0.1621,499653798
0.1622,499653798
0.1623,499653798
0.1624,499653798
0.1625,499653798
0.1626,499653798
0.1627,499653798
0.1628,499653798
0.1629,499653798
0.163,499653798
0.1631,499653798
0.1632,499653798
0.1633,499653798
0.1634,499653798
0.1635,499653798
0.1636,499653798
0.1637,499653798
0.1638,499653798
0.1639,499653798
0.164,499653798
0.1641,499653798
0.1642,499653798
0.1643,499653798
0.1644,499653798
0.1645,499653798
0.1646,499653798
0.1647,499653798
0.1648,499653798
0.1649,499653798
0.165,499653798
0.1651,499653798
0.1652,499653798
0.1653,499653798
0.1654,499653798
0.1655,499653798
0.1656,499653798
0.1657,499653798
0.1658,499653798
0.1659,499653798
0.166,499653798
0.1661,499653798
0.1662,499653798
0.1663,499653798
0.1664,499653798
0.1665,499653798
0.1666,499653798
0.1667,499653798
0.1668,499653798
0.1669,499653798
0.167,499653798
0.1671,499653798
0.1672,499653798
0.1673,499653798
0.1674,499653798
0.1675,499653798
0.1676,499653798
0.1677,499653798
0.1678,499653798
0.1679,499653798
0.168,499653798
0.1681,499653798
0.1682,499653798
0.1683,499653798
0.1684,499653798
0.1685,499653798
0.1686,499653798
0.1687,499653798
0.1688,499653798
0.1689,499653798
0.169,499653798
0.1691,499653798
0.1692,499653798
0.1693,499653798
0.1694,499653798
0.1695,499653798
0.1696,499653798
0.1697,499653798
0.1698,499653798
0.1699,499653798
0.17,499653798
0.1701,499653798
0.1702,499653798
0.1703,499653798
0.1704,499653798
0.1705,499653798
0.1706,499653798
0.1707,499653798
0.1708,499653798
0.1709,499653798
0.171,499653798
0.1711,499653798
0.1712,499653798
0.1713,499653798
0.1714,499653798
0.1715,499653798
0.1716,499653798
0.1717,499653798
0.1718,499653798
0.1719,499653798
0.172,499653798
0.1721,499653798
0.1722,499653798
0.1723,499653798
0.1724,499653798
0.1725,499653798
0.1726,499653798
0.1727,499653798
0.1728,499653798
0.1729,499653798
0.173,499653798
0.1731,499653798
0.1732,499653798
0.1733,499653798
0.1734,499653798
0.1735,499653798
0.1736,499653798
0.1737,499653798
0.1738,499653798
0.1739,499653798
0.174,499653798
0.1741,499653798
0.1742,499653798
0.1743,499653798
0.1744,499653798
0.1745,499653798
0.1746,499653798
0.1747,499653798
0.1748,499653798
0.1749,499653798
0.175,499653798
0.1751,499653798
0.1752,499653798
0.1753,499653798
0.1754,499653798
0.1755,499653798
0.1756,499653798
0.1757,499653798
0.1758,499653798
0.1759,499653798
0.176,499653798
0.1761,499653798
0.1762,499653798
0.1763,499653798
0.1764,499653798
0.1765,499653798
0.1766,499653798
0.1767,499653798
0.1768,499653798
0.1769,499653798
0.177,499653798
0.1771,499653798
0.1772,499653798
0.1773,499653798
0.1774,499653798
0.1775,499653798
0.1776,499653798
0.1777,499653798
0.1778,499653798
0.1779,499653798
0.178,499653798
0.1781,499653798
0.1782,499653798
0.1783,499653798
0.1784,499653798
0.1785,499653798
0.1786,499653798
0.1787,499653798
0.1788,499653798
0.1789,499653798
0.179,499653798
0.1791,499653798
0.1792,499653798
0.1793,499653798
0.1794,499653798
0.1795,499653798
0.1796,499653798
0.1797,499653798
0.1798,499653798
0.1799,499653798
0.18,499653798
0.1801,499653798
0.1802,499653798
0.1803,499653798
0.1804,499653798
0.1805,499653798
0.1806,499653798
0.1807,499653798
0.1808,499653798
0.1809,499653798
0.181,499653798
0.1811,499653798
0.1812,499653798
0.1813,499653798
0.1814,499653798
0.1815,499653798
0.1816,499653798
0.1817,499653798
0.1818,499653798
0.1819,499653798
0.182,499653798
0.1821,499653798
0.1822,499653798
0.1823,499653798
0.1824,499653798
0.1825,499653798
0.1826,499653798
0.1827,499653798
0.1828,499653798
0.1829,499653798
0.183,499653798
0.1831,499653798
0.1832,499653798
0.1833,499653798
0.1834,499653798
0.1835,499653798
0.1836,499653798
0.1837,499653798
0.1838,499653798
0.1839,499653798
0.184,499653798
0.1841,499653798
0.1842,499653798
0.1843,499653798
0.1844,499653798
0.1845,499653798
0.1846,499653798
0.1847,499653798
0.1848,499653798
0.1849,499653798
0.185,499653798
0.1851,499653798
0.1852,499653798
0.1853,499653798
0.1854,499653798
0.1855,499653798
0.1856,499653798
0.1857,499653798
0.1858,499653798
0.1859,499653798
0.186,499653798
0.1861,499653798
0.1862,499653798
0.1863,499653798
0.1864,499653798
0.1865,499653798
0.1866,499653798
0.1867,499653798
0.1868,499653798
0.1869,499653798
0.187,499653798
0.1871,499653798
0.1872,499653798
0.1873,499653798
0.1874,499653798
0.1875,499653798
0.1876,499653798
0.1877,499653798
0.1878,499653798
0.1879,499653798
0.188,499653798
0.1881,499653798
0.1882,499653798
0.1883,499653798
0.1884,499653798
0.1885,499653798
0.1886,499653798
0.1887,499653798
0.1888,499653798
0.1889,499653798
0.189,499653798
0.1891,499653798
0.1892,499653798
0.1893,499653798
0.1894,499653798
0.1895,499653798
0.1896,499653798
0.1897,499653798
0.1898,499653798
0.1899,499653798
0.19,499653798
0.1901,499653798
0.1902,499653798
0.1903,499653798
0.1904,499653798
0.1905,499653798
0.1906,499653798
0.1907,499653798
0.1908,499653798
0.1909,499653798
0.191,499653798
0.1911,499653798
0.1912,499653798
0.1913,499653798
0.1914,499653798
0.1915,499653798
0.1916,499653798
0.1917,499653798
0.1918,499653798
0.1919,499653798
0.192,499653798
0.1921,499653798
0.1922,499653798
0.1923,499653798
0.1924,499653798
0.1925,499653798
0.1926,499653798
0.1927,499653798
0.1928,499653798
0.1929,499653798
0.193,499653798
0.1931,499653798
0.1932,499653798
0.1933,499653798
0.1934,499653798
0.1935,499653798
0.1936,499653798
0.1937,499653798
0.1938,499653798
0.1939,499653798
0.194,499653798
0.1941,499653798
0.1942,499653798
0.1943,499653798
0.1944,499653798
0.1945,499653798
0.1946,499653798
0.1947,499653798
0.1948,499653798
0.1949,499653798
0.195,499653798
0.1951,499653798
0.1952,499653798
0.1953,499653798
0.1954,499653798
0.1955,499653798
0.1956,499653798
0.1957,499653798
0.1958,499653798
0.1959,499653798
0.196,499653798
0.1961,499653798
0.1962,499653798
0.1963,499653798
0.1964,499653798
0.1965,499653798
0.1966,499653798
0.1967,499653798
0.1968,499653798
0.1969,499653798
0.197,499653798
0.1971,499653798
0.1972,499653798
0.1973,499653798
0.1974,499653798
0.1975,499653798
0.1976,499653798
0.1977,499653798
0.1978,499653798
0.1979,499653798
0.198,499653798
0.1981,499653798
0.1982,499653798
0.1983,499653798
0.1984,499653798
0.1985,499653798
0.1986,499653798
0.1987,499653798
0.1988,499653798
0.1989,499653798
0.199,499653798
0.1991,499653798
0.1992,499653798
0.1993,499653798
0.1994,499653798
0.1995,499653798
0.1996,499653798
0.1997,499653798
0.1998,499653798
0.1999,499653798
0.2,499653798
0.2001,499653798
0.2002,499653798
0.2003,499653798
0.2004,499653798
0.2005,499653798
0.2006,499653798
0.2007,499653798
0.2008,499653798
0.2009,499653798
0.201,499653798
0.2011,499653798
0.2012,499653798
0.2013,499653798
0.2014,499653798
0.2015,499653798
0.2016,499653798
0.2017,499653798
0.2018,499653798
0.2019,499653798
0.202,499653798
0.2021,499653798
0.2022,499653798
0.2023,499653798
0.2024,499653798
0.2025,499653798
0.2026,499653798
0.2027,499653798
0.2028,499653798
0.2029,499653798
0.203,499653798
0.2031,499653798
0.2032,499653798
0.2033,499653798
0.2034,499653798
0.2035,499653798
0.2036,499653798
0.2037,499653798
0.2038,499653798
0.2039,499653798
0.204,499653798
0.2041,499653798
0.2042,499653798
0.2043,499653798
0.2044,499653798
0.2045,499653798
0.2046,499653798
0.2047,499653798
0.2048,499653798
0.2049,499653798
0.205,499653798
0.2051,499653798
0.2052,499653798
0.2053,499653798
0.2054,499653798
0.2055,499653798
0.2056,499653798
0.2057,499653798
0.2058,499653798
0.2059,499653798
0.206,499653798
0.2061,499653798
0.2062,499653798
0.2063,499653798
0.2064,499653798
0.2065,499653798
0.2066,499653798
0.2067,499653798
0.2068,499653798
0.2069,499653798
0.207,499653798
0.2071,499653798
0.2072,499653798
0.2073,499653798
0.2074,499653798
0.2075,499653798
0.2076,499653798
0.2077,499653798
0.2078,499653798
0.2079,499653798
0.208,499653798
0.2081,499653798
0.2082,499653798
0.2083,499653798
0.2084,499653798
0.2085,499653798
0.2086,499653798
0.2087,499653798
0.2088,499653798
0.2089,499653798
0.209,499653798
0.2091,499653798
0.2092,499653798
0.2093,499653798
0.2094,499653798
0.2095,499653798
0.2096,499653798
0.2097,499653798
0.2098,499653798
0.2099,499653798
0.21,499653798
0.2101,499653798
0.2102,499653798
0.2103,499653798
0.2104,499653798
0.2105,499653798
0.2106,499653798
0.2107,499653798
0.2108,499653798
0.2109,499653798
0.211,499653798
0.2111,499653798
0.2112,499653798
0.2113,499653798
0.2114,499653798
0.2115,499653798
0.2116,499653798
0.2117,499653798
0.2118,499653798
0.2119,499653798
0.212,499653798
0.2121,499653798
0.2122,499653798
0.2123,499653798
0.2124,499653798
0.2125,499653798
0.2126,499653798
0.2127,499653798
0.2128,499653798
0.2129,499653798
0.213,499653798
0.2131,499653798
0.2132,499653798
0.2133,499653798
0.2134,499653798
0.2135,499653798
0.2136,499653798
0.2137,499653798
0.2138,499653798
0.2139,499653798
0.214,499653798
0.2141,499653798
0.2142,499653798
0.2143,499653798
0.2144,499653798
0.2145,499653798
0.2146,499653798
0.2147,499653798
0.2148,499653798
0.2149,499653798
0.215,499653798
0.2151,499653798
0.2152,499653798
0.2153,499653798
0.2154,499653798
0.2155,499653798
0.2156,499653798
0.2157,499653798
0.2158,499653798
0.2159,499653798
0.216,499653798
0.2161,499653798
0.2162,499653798
0.2163,499653798
0.2164,499653798
0.2165,499653798
0.2166,499653798
0.2167,499653798
0.2168,499653798
0.2169,499653798
0.217,499653798
0.2171,499653798
0.2172,499653798
0.2173,499653798
0.2174,499653798
0.2175,499653798
0.2176,499653798
0.2177,499653798
0.2178,499653798
0.2179,499653798
0.218,499653798
0.2181,499653798
0.2182,499653798
0.2183,499653798
0.2184,499653798
0.2185,499653798
0.2186,499653798
0.2187,499653798
0.2188,499653798
0.2189,499653798
0.219,499653798
0.2191,499653798
0.2192,499653798
0.2193,499653798
0.2194,499653798
0.2195,499653798
0.2196,499653798
0.2197,499653798
0.2198,499653798
0.2199,499653798
0.22,499653798
0.2201,499653798
0.2202,499653798
0.2203,499653798
0.2204,499653798
0.2205,499653798
0.2206,499653798
0.2207,499653798
0.2208,499653798
0.2209,499653798
0.221,499653798
0.2211,499653798
0.2212,499653798
0.2213,499653798
0.2214,499653798
0.2215,499653798
0.2216,499653798
0.2217,499653798
0.2218,499653798
0.2219,499653798
0.222,499653798
0.2221,499653798
0.2222,499653798
0.2223,499653798
0.2224,499653798
0.2225,499653798
0.2226,499653798
0.2227,499653798
0.2228,499653798
0.2229,499653798
0.223,499653798
0.2231,499653798
0.2232,499653798
0.2233,499653798
0.2234,499653798
0.2235,499653798
0.2236,499653798
0.2237,499653798
0.2238,499653798
0.2239,499653798
0.224,499653798
0.2241,499653798
0.2242,499653798
0.2243,499653798
0.2244,499653798
0.2245,499653798
0.2246,499653798
0.2247,499653798
0.2248,499653798
0.2249,499653798
0.225,499653798
0.2251,499653798
0.2252,499653798
0.2253,499653798
0.2254,499653798
0.2255,499653798
0.2256,499653798
0.2257,499653798
0.2258,499653798
0.2259,499653798
0.226,499653798
0.2261,499653798
0.2262,499653798
0.2263,499653798
0.2264,499653798
0.2265,499653798
0.2266,499653798
0.2267,499653798
0.2268,499653798
0.2269,499653798
0.227,499653798
0.2271,499653798
0.2272,499653798
0.2273,499653798
0.2274,499653798
0.2275,499653798
0.2276,499653798
0.2277,499653798
0.2278,499653798
0.2279,499653798
0.228,499653798
0.2281,499653798
0.2282,499653798
0.2283,499653798
0.2284,499653798
0.2285,499653798
0.2286,499653798
0.2287,499653798
0.2288,499653798
0.2289,499653798
0.229,499653798
0.2291,499653798
0.2292,499653798
0.2293,499653798
0.2294,499653798
0.2295,499653798
0.2296,499653798
0.2297,499653798
0.2298,499653798
0.2299,499653798
0.23,499653798
0.2301,499653798
0.2302,499653798
0.2303,499653798
0.2304,499653798
0.2305,499653798
0.2306,499653798
0.2307,499653798
0.2308,499653798
0.2309,499653798
0.231,499653798
0.2311,499653798
0.2312,499653798
0.2313,499653798
0.2314,499653798
0.2315,499653798
0.2316,499653798
0.2317,499653798
0.2318,499653798
0.2319,499653798
0.232,499653798
0.2321,499653798
0.2322,499653798
0.2323,499653798
0.2324,499653798
0.2325,499653798
0.2326,499653798
0.2327,499653798
0.2328,499653798
0.2329,499653798
0.233,499653798
0.2331,499653798
0.2332,499653798
0.2333,499653798
0.2334,499653798
0.2335,499653798
0.2336,499653798
0.2337,499653798
0.2338,499653798
0.2339,499653798
0.234,499653798
0.2341,499653798
0.2342,499653798
0.2343,499653798
0.2344,499653798
0.2345,499653798
0.2346,499653798
0.2347,499653798
0.2348,499653798
0.2349,499653798
0.235,499653798
0.2351,499653798
0.2352,499653798
0.2353,499653798
0.2354,499653798
0.2355,499653798
0.2356,499653798
0.2357,499653798
0.2358,499653798
0.2359,499653798
0.236,499653798
0.2361,499653798
0.2362,499653798
0.2363,499653798
0.2364,499653798
0.2365,499653798
0.2366,499653798
0.2367,499653798
0.2368,499653798
0.2369,499653798
0.237,499653798
0.2371,499653798
0.2372,499653798
0.2373,499653798
0.2374,499653798
0.2375,499653798
0.2376,499653798
0.2377,499653798
0.2378,499653798
0.2379,499653798
0.238,499653798
0.2381,499653798
0.2382,499653798
0.2383,499653798
0.2384,499653798
0.2385,499653798
0.2386,499653798
0.2387,499653798
0.2388,499653798
0.2389,499653798
0.239,499653798
0.2391,499653798
0.2392,499653798
0.2393,499653798
0.2394,499653798
0.2395,499653798
0.2396,499653798
0.2397,499653798
0.2398,499653798
0.2399,499653798
0.24,499653798
0.2401,499653798
0.2402,499653798
0.2403,499653798
0.2404,499653798
0.2405,499653798
0.2406,499653798
0.2407,499653798
0.2408,499653798
0.2409,499653798
0.241,499653798
0.2411,499653798
0.2412,499653798
0.2413,499653798
0.2414,499653798
0.2415,499653798
0.2416,499653798
0.2417,499653798
0.2418,499653798
0.2419,499653798
0.242,499653798
0.2421,499653798
0.2422,499653798
0.2423,499653798
0.2424,499653798
0.2425,499653798
0.2426,499653798
0.2427,499653798
0.2428,499653798
0.2429,499653798
0.243,499653798
0.2431,499653798
0.2432,499653798
0.2433,499653798
0.2434,499653798
0.2435,499653798
0.2436,499653798
0.2437,499653798
0.2438,499653798
0.2439,499653798
0.244,499653798
0.2441,499653798
0.2442,499653798
0.2443,499653798
0.2444,499653798
0.2445,499653798
0.2446,499653798
0.2447,499653798
0.2448,499653798
0.2449,499653798
0.245,499653798
0.2451,499653798
0.2452,499653798
0.2453,499653798
0.2454,499653798
0.2455,499653798
0.2456,499653798
0.2457,499653798
0.2458,499653798
0.2459,499653798
0.246,499653798
0.2461,499653798
0.2462,499653798
0.2463,499653798
0.2464,499653798
0.2465,499653798
0.2466,499653798
0.2467,499653798
0.2468,499653798
0.2469,499653798
0.247,499653798
0.2471,499653798
0.2472,499653798
0.2473,499653798
0.2474,499653798
0.2475,499653798
0.2476,499653798
0.2477,499653798
0.2478,499653798
0.2479,499653798
0.248,499653798
0.2481,499653798
0.2482,499653798
0.2483,499653798
0.2484,499653798
0.2485,499653798
0.2486,499653798
0.2487,499653798
0.2488,499653798
0.2489,499653798
0.249,499653798
0.2491,499653798
0.2492,499653798
0.2493,499653798
0.2494,499653798
0.2495,499653798
0.2496,499653798
0.2497,499653798
0.2498,499653798
0.2499,499653798
0.25,499653798
0.2501,499653798
0.2502,499653798
0.2503,499653798
0.2504,499653798
0.2505,499653798
0.2506,499653798
0.2507,499653798
0.2508,499653798
0.2509,499653798
0.251,499653798
0.2511,499653798
0.2512,499653798
0.2513,499653798
0.2514,499653798
0.2515,499653798
0.2516,499653798
0.2517,499653798
0.2518,499653798
0.2519,499653798
0.252,499653798
0.2521,499653798
0.2522,499653798
0.2523,499653798
0.2524,499653798
0.2525,499653798
0.2526,499653798
0.2527,499653798
0.2528,499653798
0.2529,499653798
0.253,499653798
0.2531,499653798
0.2532,499653798
0.2533,499653798
0.2534,499653798
0.2535,499653798
0.2536,499653798
0.2537,499653798
0.2538,499653798
0.2539,499653798
0.254,499653798
0.2541,499653798
0.2542,499653798
0.2543,499653798
0.2544,499653798
0.2545,499653798
0.2546,499653798
0.2547,499653798
0.2548,499653798
0.2549,499653798
0.255,499653798
0.2551,499653798
0.2552,499653798
0.2553,499653798
0.2554,499653798
0.2555,499653798
0.2556,499653798
0.2557,499653798
0.2558,499653798
0.2559,499653798
0.256,499653798
0.2561,499653798
0.2562,499653798
0.2563,499653798
0.2564,499653798
0.2565,499653798
0.2566,499653798
0.2567,499653798
0.2568,499653798
0.2569,499653798
0.257,499653798
0.2571,499653798
0.2572,499653798
0.2573,499653798
0.2574,499653798
0.2575,499653798
0.2576,499653798
0.2577,499653798
0.2578,499653798
0.2579,499653798
0.258,499653798
0.2581,499653798
0.2582,499653798
0.2583,499653798
0.2584,499653798
0.2585,499653798
0.2586,499653798
0.2587,499653798
0.2588,499653798
0.2589,499653798
0.259,499653798
0.2591,499653798
0.2592,499653798
0.2593,499653798
0.2594,499653798
0.2595,499653798
0.2596,499653798
0.2597,499653798
0.2598,499653798
0.2599,499653798
0.26,499653798
0.2601,499653798
0.2602,499653798
0.2603,499653798
0.2604,499653798
0.2605,499653798
0.2606,499653798
0.2607,499653798
0.2608,499653798
0.2609,499653798
0.261,499653798
0.2611,499653798
0.2612,499653798
0.2613,499653798
0.2614,499653798
0.2615,499653798
0.2616,499653798
0.2617,499653798
0.2618,499653798
0.2619,499653798
0.262,499653798
0.2621,499653798
0.2622,499653798
0.2623,499653798
0.2624,499653798
0.2625,499653798
0.2626,499653798
0.2627,499653798
0.2628,499653798
0.2629,499653798
0.263,499653798
0.2631,499653798
0.2632,499653798
0.2633,499653798
0.2634,499653798
0.2635,499653798
0.2636,499653798
0.2637,499653798
0.2638,499653798
0.2639,499653798
0.264,499653798
0.2641,499653798
0.2642,499653798
0.2643,499653798
0.2644,499653798
0.2645,499653798
0.2646,499653798
0.2647,499653798
0.2648,499653798
0.2649,499653798
0.265,499653798
0.2651,499653798
0.2652,499653798
0.2653,499653798
0.2654,499653798
0.2655,499653798
0.2656,499653798
0.2657,499653798
0.2658,499653798
0.2659,499653798
0.266,499653798
0.2661,499653798
0.2662,499653798
0.2663,499653798
0.2664,499653798
0.2665,499653798
0.2666,499653798
0.2667,499653798
0.2668,499653798
0.2669,499653798
0.267,499653798
0.2671,499653798
0.2672,499653798
0.2673,499653798
0.2674,499653798
0.2675,499653798
0.2676,499653798
0.2677,499653798
0.2678,499653798
0.2679,499653798
0.268,499653798
0.2681,499653798
0.2682,499653798
0.2683,499653798
0.2684,499653798
0.2685,499653798
0.2686,499653798
0.2687,499653798
0.2688,499653798
0.2689,499653798
0.269,499653798
0.2691,499653798
0.2692,499653798
0.2693,499653798
0.2694,499653798
0.2695,499653798
0.2696,499653798
0.2697,499653798
0.2698,499653798
0.2699,499653798
0.27,499653798
0.2701,499653798
0.2702,499653798
0.2703,499653798
0.2704,499653798
0.2705,499653798
0.2706,499653798
0.2707,499653798
0.2708,499653798
0.2709,499653798
0.271,499653798
0.2711,499653798
0.2712,499653798
0.2713,499653798
0.2714,499653798
0.2715,499653798
0.2716,499653798
0.2717,499653798
0.2718,499653798
0.2719,499653798
0.272,499653798
0.2721,499653798
0.2722,499653798
0.2723,499653798
0.2724,499653798
0.2725,499653798
0.2726,499653798
0.2727,499653798
0.2728,499653798
0.2729,499653798
0.273,499653798
0.2731,499653798
0.2732,499653798
0.2733,499653798
0.2734,499653798
0.2735,499653798
0.2736,499653798
0.2737,499653798
0.2738,499653798
0.2739,499653798
0.274,499653798
0.2741,499653798
0.2742,499653798
0.2743,499653798
0.2744,499653798
0.2745,499653798
0.2746,499653798
0.2747,499653798
0.2748,499653798
0.2749,499653798
0.275,499653798
0.2751,499653798
0.2752,499653798
0.2753,499653798
0.2754,499653798
0.2755,499653798
0.2756,499653798
0.2757,499653798
0.2758,499653798
0.2759,499653798
0.276,499653798
0.2761,499653798
0.2762,499653798
0.2763,499653798
0.2764,499653798
0.2765,499653798
0.2766,499653798
0.2767,499653798
0.2768,499653798
0.2769,499653798
0.277,499653798
0.2771,499653798
0.2772,499653798
0.2773,499653798
0.2774,499653798
0.2775,499653798
0.2776,499653798
0.2777,499653798
0.2778,499653798
0.2779,499653798
0.278,499653798
0.2781,499653798
0.2782,499653798
0.2783,499653798
0.2784,499653798
0.2785,499653798
0.2786,499653798
0.2787,499653798
0.2788,499653798
0.2789,499653798
0.279,499653798
0.2791,499653798
0.2792,499653798
0.2793,499653798
0.2794,499653798
0.2795,499653798
0.2796,499653798
0.2797,499653798
0.2798,499653798
0.2799,499653798
0.28,499653798
0.2801,499653798
0.2802,499653798
0.2803,499653798
0.2804,499653798
0.2805,499653798
0.2806,499653798
0.2807,499653798
0.2808,499653798
0.2809,499653798
0.281,499653798
0.2811,499653798
0.2812,499653798
0.2813,499653798
0.2814,499653798
0.2815,499653798
0.2816,499653798
0.2817,499653798
0.2818,499653798
0.2819,499653798
0.282,499653798
0.2821,499653798
0.2822,499653798
0.2823,499653798
0.2824,499653798
0.2825,499653798
0.2826,499653798
0.2827,499653798
0.2828,499653798
0.2829,499653798
0.283,499653798
0.2831,499653798
0.2832,499653798
0.2833,499653798
0.2834,499653798
0.2835,499653798
0.2836,499653798
0.2837,499653798
0.2838,499653798
0.2839,499653798
0.284,499653798
0.2841,499653798
0.2842,499653798
0.2843,499653798
0.2844,499653798
0.2845,499653798
0.2846,499653798
0.2847,499653798
0.2848,499653798
0.2849,499653798
0.285,499653798
0.2851,499653798
0.2852,499653798
0.2853,499653798
0.2854,499653798
0.2855,499653798
0.2856,499653798
0.2857,499653798
0.2858,499653798
0.2859,499653798
0.286,499653798
0.2861,499653798
0.2862,499653798
0.2863,499653798
0.2864,499653798
0.2865,499653798
0.2866,499653798
0.2867,499653798
0.2868,499653798
0.2869,499653798
0.287,499653798
0.2871,499653798
0.2872,499653798
0.2873,499653798
0.2874,499653798
0.2875,499653798
0.2876,499653798
0.2877,499653798
0.2878,499653798
0.2879,499653798
0.288,499653798
0.2881,499653798
0.2882,499653798
0.2883,499653798
0.2884,499653798
0.2885,499653798
0.2886,499653798
0.2887,499653798
0.2888,499653798
0.2889,499653798
0.289,499653798
0.2891,499653798
0.2892,499653798
0.2893,499653798
0.2894,499653798
0.2895,499653798
0.2896,499653798
0.2897,499653798
0.2898,499653798
0.2899,499653798
0.29,499653798
0.2901,499653798
0.2902,499653798
0.2903,499653798
0.2904,499653798
0.2905,499653798
0.2906,499653798
0.2907,499653798
0.2908,499653798
0.2909,499653798
0.291,499653798
0.2911,499653798
0.2912,499653798
0.2913,499653798
0.2914,499653798
0.2915,499653798
0.2916,499653798
0.2917,499653798
0.2918,499653798
0.2919,499653798
0.292,499653798
0.2921,499653798
0.2922,499653798
0.2923,499653798
0.2924,499653798
0.2925,499653798
0.2926,499653798
0.2927,499653798
0.2928,499653798
0.2929,499653798
0.293,499653798
0.2931,499653798
0.2932,499653798
0.2933,499653798
0.2934,499653798
0.2935,499653798
0.2936,499653798
0.2937,499653798
0.2938,499653798
0.2939,499653798
0.294,499653798
0.2941,499653798
0.2942,499653798
0.2943,499653798
0.2944,499653798
0.2945,499653798
0.2946,499653798
0.2947,499653798
0.2948,499653798
0.2949,499653798
0.295,499653798
0.2951,499653798
0.2952,499653798
0.2953,499653798
0.2954,499653798
0.2955,499653798
0.2956,499653798
0.2957,499653798
0.2958,499653798
0.2959,499653798
0.296,499653798
0.2961,499653798
0.2962,499653798
0.2963,499653798
0.2964,499653798
0.2965,499653798
0.2966,499653798
0.2967,499653798
0.2968,499653798
0.2969,499653798
0.297,499653798
0.2971,499653798
0.2972,499653798
0.2973,499653798
0.2974,499653798
0.2975,499653798
0.2976,499653798
0.2977,499653798
0.2978,499653798
0.2979,499653798
0.298,499653798
0.2981,499653798
0.2982,499653798
0.2983,499653798
0.2984,499653798
0.2985,499653798
0.2986,499653798
0.2987,499653798
0.2988,499653798
0.2989,499653798
0.299,499653798
0.2991,499653798
0.2992,499653798
0.2993,499653798
0.2994,499653798
0.2995,499653798
0.2996,499653798
0.2997,499653798
0.2998,499653798
0.2999,499653798
0.3,499653798
0.3001,499653798
0.3002,499653798
0.3003,499653798
0.3004,499653798
0.3005,499653798
0.3006,499653798
0.3007,499653798
0.3008,499653798
0.3009,499653798
0.301,499653798
0.3011,499653798
0.3012,499653798
0.3013,499653798
0.3014,499653798
0.3015,499653798
0.3016,499653798
0.3017,499653798
0.3018,499653798
0.3019,499653798
0.302,499653798
0.3021,499653798
0.3022,499653798
0.3023,499653798
0.3024,499653798
0.3025,499653798
0.3026,499653798
0.3027,499653798
0.3028,499653798
0.3029,499653798
0.303,499653798
0.3031,499653798
0.3032,499653798
0.3033,499653798
0.3034,499653798
0.3035,499653798
0.3036,499653798
0.3037,499653798
0.3038,499653798
0.3039,499653798
0.304,499653798
0.3041,499653798
0.3042,499653798
0.3043,499653798
0.3044,499653798
0.3045,499653798
0.3046,499653798
0.3047,499653798
0.3048,499653798
0.3049,499653798
0.305,499653798
0.3051,499653798
0.3052,499653798
0.3053,499653798
0.3054,499653798
0.3055,499653798
0.3056,499653798
0.3057,499653798
0.3058,499653798
0.3059,499653798
0.306,499653798
0.3061,499653798
0.3062,499653798
0.3063,499653798
0.3064,499653798
0.3065,499653798
0.3066,499653798
0.3067,499653798
0.3068,499653798
0.3069,499653798
0.307,499653798
0.3071,499653798
0.3072,499653798
0.3073,499653798
0.3074,499653798
0.3075,499653798
0.3076,499653798
0.3077,499653798
0.3078,499653798
0.3079,499653798
0.308,499653798
0.3081,499653798
0.3082,499653798
0.3083,499653798
0.3084,499653798
0.3085,499653798
0.3086,499653798
0.3087,499653798
0.3088,499653798
0.3089,499653798
0.309,499653798
0.3091,499653798
0.3092,499653798
0.3093,499653798
0.3094,499653798
0.3095,499653798
0.3096,499653798
0.3097,499653798
0.3098,499653798
0.3099,499653798
0.31,499653798
0.3101,499653798
0.3102,499653798
0.3103,499653798
0.3104,499653798
0.3105,499653798
0.3106,499653798
0.3107,499653798
0.3108,499653798
0.3109,499653798
0.311,499653798
0.3111,499653798
0.3112,499653798
0.3113,499653798
0.3114,499653798
0.3115,499653798
0.3116,499653798
0.3117,499653798
0.3118,499653798
0.3119,499653798
0.312,499653798
0.3121,499653798
0.3122,499653798
0.3123,499653798
0.3124,499653798
0.3125,499653798
0.3126,499653798
0.3127,499653798
0.3128,499653798
0.3129,499653798
0.313,499653798
0.3131,499653798
0.3132,499653798
0.3133,499653798
0.3134,499653798
0.3135,499653798
0.3136,499653798
0.3137,499653798
0.3138,499653798
0.3139,499653798
0.314,499653798
0.3141,499653798
0.3142,499653798
0.3143,499653798
0.3144,499653798
0.3145,499653798
0.3146,499653798
0.3147,499653798
0.3148,499653798
0.3149,499653798
0.315,499653798
0.3151,499653798
0.3152,499653798
0.3153,499653798
0.3154,499653798
0.3155,499653798
0.3156,499653798
0.3157,499653798
0.3158,499653798
0.3159,499653798
0.316,499653798
0.3161,499653798
0.3162,499653798
0.3163,499653798
0.3164,499653798
0.3165,499653798
0.3166,499653798
0.3167,499653798
0.3168,499653798
0.3169,499653798
0.317,499653798
0.3171,499653798
0.3172,499653798
0.3173,499653798
0.3174,499653798
0.3175,499653798
0.3176,499653798
0.3177,499653798
0.3178,499653798
0.3179,499653798
0.318,499653798
0.3181,499653798
0.3182,499653798
0.3183,499653798
0.3184,499653798
0.3185,499653798
0.3186,499653798
0.3187,499653798
0.3188,499653798
0.3189,499653798
0.319,499653798
0.3191,499653798
0.3192,499653798
0.3193,499653798
0.3194,499653798
0.3195,499653798
0.3196,499653798
0.3197,499653798
0.3198,499653798
0.3199,499653798
0.32,499653798
0.3201,499653798
0.3202,499653798
0.3203,499653798
0.3204,499653798
0.3205,499653798
0.3206,499653798
0.3207,499653798
0.3208,499653798
0.3209,499653798
0.321,499653798
0.3211,499653798
0.3212,499653798
0.3213,499653798
0.3214,499653798
0.3215,499653798
0.3216,499653798
0.3217,499653798
0.3218,499653798
0.3219,499653798
0.322,499653798
0.3221,499653798
0.3222,499653798
0.3223,499653798
0.3224,499653798
0.3225,499653798
0.3226,499653798
0.3227,499653798
0.3228,499653798
0.3229,499653798
0.323,499653798
0.3231,499653798
0.3232,499653798
0.3233,499653798
0.3234,499653798
0.3235,499653798
0.3236,499653798
0.3237,499653798
0.3238,499653798
0.3239,499653798
0.324,499653798
0.3241,499653798
0.3242,499653798
0.3243,499653798
0.3244,499653798
0.3245,499653798
0.3246,499653798
0.3247,499653798
0.3248,499653798
0.3249,499653798
0.325,499653798
0.3251,499653798
0.3252,499653798
0.3253,499653798
0.3254,499653798
0.3255,499653798
0.3256,499653798
0.3257,499653798
0.3258,499653798
0.3259,499653798
0.326,499653798
0.3261,499653798
0.3262,499653798
0.3263,499653798
0.3264,499653798
0.3265,499653798
0.3266,499653798
0.3267,499653798
0.3268,499653798
0.3269,499653798
0.327,499653798
0.3271,499653798
0.3272,499653798
0.3273,499653798
0.3274,499653798
0.3275,499653798
0.3276,499653798
0.3277,499653798
0.3278,499653798
0.3279,499653798
0.328,499653798
0.3281,499653798
0.3282,499653798
0.3283,499653798
0.3284,499653798
0.3285,499653798
0.3286,499653798
0.3287,499653798
0.3288,499653798
0.3289,499653798
0.329,499653798
0.3291,499653798
0.3292,499653798
0.3293,499653798
0.3294,499653798
0.3295,499653798
0.3296,499653798
0.3297,499653798
0.3298,499653798
0.3299,499653798
0.33,499653798
0.3301,499653798
0.3302,499653798
0.3303,499653798
0.3304,499653798
0.3305,499653798
0.3306,499653798
0.3307,499653798
0.3308,499653798
0.3309,499653798
0.331,499653798
0.3311,499653798
0.3312,499653798
0.3313,499653798
0.3314,499653798
0.3315,499653798
0.3316,499653798
0.3317,499653798
0.3318,499653798
0.3319,499653798
0.332,499653798
0.3321,499653798
0.3322,499653798
0.3323,499653798
0.3324,499653798
0.3325,499653798
0.3326,499653798
0.3327,499653798
0.3328,499653798
0.3329,499653798
0.333,499653798
0.3331,499653798
0.3332,499653798
0.3333,499653798
0.3334,499653798
0.3335,499653798
0.3336,499653798
0.3337,499653798
0.3338,499653798
0.3339,499653798
0.334,499653798
0.3341,499653798
0.3342,499653798
0.3343,499653798
0.3344,499653798
0.3345,499653798
0.3346,499653798
0.3347,499653798
0.3348,499653798
0.3349,499653798
0.335,499653798
0.3351,499653798
0.3352,499653798
0.3353,499653798
0.3354,499653798
0.3355,499653798
0.3356,499653798
0.3357,499653798
0.3358,499653798
0.3359,499653798
0.336,499653798
0.3361,499653798
0.3362,499653798
0.3363,499653798
0.3364,499653798
0.3365,499653798
0.3366,499653798
0.3367,499653798
0.3368,499653798
0.3369,499653798
0.337,499653798
0.3371,499653798
0.3372,499653798
0.3373,499653798
0.3374,499653798
0.3375,499653798
0.3376,499653798
0.3377,499653798
0.3378,499653798
0.3379,499653798
0.338,499653798
0.3381,499653798
0.3382,499653798
0.3383,499653798
0.3384,499653798
0.3385,499653798
0.3386,499653798
0.3387,499653798
0.3388,499653798
0.3389,499653798
0.339,499653798
0.3391,499653798
0.3392,499653798
0.3393,499653798
0.3394,499653798
0.3395,499653798
0.3396,499653798
0.3397,499653798
0.3398,499653798
0.3399,499653798
0.34,499653798
0.3401,499653798
0.3402,499653798
0.3403,499653798
0.3404,499653798
0.3405,499653798
0.3406,499653798
0.3407,499653798
0.3408,499653798
0.3409,499653798
0.341,499653798
0.3411,499653798
0.3412,499653798
0.3413,499653798
0.3414,499653798
0.3415,499653798
0.3416,499653798
0.3417,499653798
0.3418,499653798
0.3419,499653798
0.342,499653798
0.3421,499653798
0.3422,499653798
0.3423,499653798
0.3424,499653798
0.3425,499653798
0.3426,499653798
0.3427,499653798
0.3428,499653798
0.3429,499653798
0.343,499653798
0.3431,499653798
0.3432,499653798
0.3433,499653798
0.3434,499653798
0.3435,499653798
0.3436,499653798
0.3437,499653798
0.3438,499653798
0.3439,499653798
0.344,499653798
0.3441,499653798
0.3442,499653798
0.3443,499653798
0.3444,499653798
0.3445,499653798
0.3446,499653798
0.3447,499653798
0.3448,499653798
0.3449,499653798
0.345,499653798
0.3451,499653798
0.3452,499653798
0.3453,499653798
0.3454,499653798
0.3455,499653798
0.3456,499653798
0.3457,499653798
0.3458,499653798
0.3459,499653798
0.346,499653798
0.3461,499653798
0.3462,499653798
0.3463,499653798
0.3464,499653798
0.3465,499653798
0.3466,499653798
0.3467,499653798
0.3468,499653798
0.3469,499653798
0.347,499653798
0.3471,499653798
0.3472,499653798
0.3473,499653798
0.3474,499653798
0.3475,499653798
0.3476,499653798
0.3477,499653798
0.3478,499653798
0.3479,499653798
0.348,499653798
0.3481,499653798
0.3482,499653798
0.3483,499653798
0.3484,499653798
0.3485,499653798
0.3486,499653798
0.3487,499653798
0.3488,499653798
0.3489,499653798
0.349,499653798
0.3491,499653798
0.3492,499653798
0.3493,499653798
0.3494,499653798
0.3495,499653798
0.3496,499653798
0.3497,499653798
0.3498,499653798
0.3499,499653798
0.35,499653798
0.3501,499653798
0.3502,499653798
0.3503,499653798
0.3504,499653798
0.3505,499653798
0.3506,499653798
0.3507,499653798
0.3508,499653798
0.3509,499653798
0.351,499653798
0.3511,499653798
0.3512,499653798
0.3513,499653798
0.3514,499653798
0.3515,499653798
0.3516,499653798
0.3517,499653798
0.3518,499653798
0.3519,499653798
0.352,499653798
0.3521,499653798
0.3522,499653798
0.3523,499653798
0.3524,499653798
0.3525,499653798
0.3526,499653798
0.3527,499653798
0.3528,499653798
0.3529,499653798
0.353,499653798
0.3531,499653798
0.3532,499653798
0.3533,499653798
0.3534,499653798
0.3535,499653798
0.3536,499653798
0.3537,499653798
0.3538,499653798
0.3539,499653798
0.354,499653798
0.3541,499653798
0.3542,499653798
0.3543,499653798
0.3544,499653798
0.3545,499653798
0.3546,499653798
0.3547,499653798
0.3548,499653798
0.3549,499653798
0.355,499653798
0.3551,499653798
0.3552,499653798
0.3553,499653798
0.3554,499653798
0.3555,499653798
0.3556,499653798
0.3557,499653798
0.3558,499653798
0.3559,499653798
0.356,499653798
0.3561,499653798
0.3562,499653798
0.3563,499653798
0.3564,499653798
0.3565,499653798
0.3566,499653798
0.3567,499653798
0.3568,499653798
0.3569,499653798
0.357,499653798
0.3571,499653798
0.3572,499653798
0.3573,499653798
0.3574,499653798
0.3575,499653798
0.3576,499653798
0.3577,499653798
0.3578,499653798
0.3579,499653798
0.358,499653798
0.3581,499653798
0.3582,499653798
0.3583,499653798
0.3584,499653798
0.3585,499653798
0.3586,499653798
0.3587,499653798
0.3588,499653798
0.3589,499653798
0.359,499653798
0.3591,499653798
0.3592,499653798
0.3593,499653798
0.3594,499653798
0.3595,499653798
0.3596,499653798
0.3597,499653798
0.3598,499653798
0.3599,499653798
0.36,499653798
0.3601,499653798
0.3602,499653798
0.3603,499653798
0.3604,499653798
0.3605,499653798
0.3606,499653798
0.3607,499653798
0.3608,499653798
0.3609,499653798
0.361,499653798
0.3611,499653798
0.3612,499653798
0.3613,499653798
0.3614,499653798
0.3615,499653798
0.3616,499653798
0.3617,499653798
0.3618,499653798
0.3619,499653798
0.362,499653798
0.3621,499653798
0.3622,499653798
0.3623,499653798
0.3624,499653798
0.3625,499653798
0.3626,499653798
0.3627,499653798
0.3628,499653798
0.3629,499653798
0.363,499653798
0.3631,499653798
0.3632,499653798
0.3633,499653798
0.3634,499653798
0.3635,499653798
0.3636,499653798
0.3637,499653798
0.3638,499653798
0.3639,499653798
0.364,499653798
0.3641,499653798
0.3642,499653798
0.3643,499653798
0.3644,499653798
0.3645,499653798
0.3646,499653798
0.3647,499653798
0.3648,499653798
0.3649,499653798
0.365,499653798
0.3651,499653798
0.3652,499653798
0.3653,499653798
0.3654,499653798
0.3655,499653798
0.3656,499653798
0.3657,499653798
0.3658,499653798
0.3659,499653798
0.366,499653798
0.3661,499653798
0.3662,499653798
0.3663,499653798
0.3664,499653798
0.3665,499653798
0.3666,499653798
0.3667,499653798
0.3668,499653798
0.3669,499653798
0.367,499653798
0.3671,499653798
0.3672,499653798
0.3673,499653798
0.3674,499653798
0.3675,499653798
0.3676,499653798
0.3677,499653798
0.3678,499653798
0.3679,499653798
0.368,499653798
0.3681,499653798
0.3682,499653798
0.3683,499653798
0.3684,499653798
0.3685,499653798
0.3686,499653798
0.3687,499653798
0.3688,499653798
0.3689,499653798
0.369,499653798
0.3691,499653798
0.3692,499653798
0.3693,499653798
0.3694,499653798
0.3695,499653798
0.3696,499653798
0.3697,499653798
0.3698,499653798
0.3699,499653798
0.37,499653798
0.3701,499653798
0.3702,499653798
0.3703,499653798
0.3704,499653798
0.3705,499653798
0.3706,499653798
0.3707,499653798
0.3708,499653798
0.3709,499653798
0.371,499653798
0.3711,499653798
0.3712,499653798
0.3713,499653798
0.3714,499653798
0.3715,499653798
0.3716,499653798
0.3717,499653798
0.3718,499653798
0.3719,499653798
0.372,499653798
0.3721,499653798
0.3722,499653798
0.3723,499653798
0.3724,499653798
0.3725,499653798
0.3726,499653798
0.3727,499653798
0.3728,499653798
0.3729,499653798
0.373,499653798
0.3731,499653798
0.3732,499653798
0.3733,499653798
0.3734,499653798
0.3735,499653798
0.3736,499653798
0.3737,499653798
0.3738,499653798
0.3739,499653798
0.374,499653798
0.3741,499653798
0.3742,499653798
0.3743,499653798
0.3744,499653798
0.3745,499653798
0.3746,499653798
0.3747,499653798
0.3748,499653798
0.3749,499653798
0.375,499653798
0.3751,499653798
0.3752,499653798
0.3753,499653798
0.3754,499653798
0.3755,499653798
0.3756,499653798
0.3757,499653798
0.3758,499653798
0.3759,499653798
0.376,499653798
0.3761,499653798
0.3762,499653798
0.3763,499653798
0.3764,499653798
0.3765,499653798
0.3766,499653798
0.3767,499653798
0.3768,499653798
0.3769,499653798
0.377,499653798
0.3771,499653798
0.3772,499653798
0.3773,499653798
0.3774,499653798
0.3775,499653798
0.3776,499653798
0.3777,499653798
0.3778,499653798
0.3779,499653798
0.378,499653798
0.3781,499653798
0.3782,499653798
0.3783,499653798
0.3784,499653798
0.3785,499653798
0.3786,499653798
0.3787,499653798
0.3788,499653798
0.3789,499653798
0.379,499653798
0.3791,499653798
0.3792,499653798
0.3793,499653798
0.3794,499653798
0.3795,499653798
0.3796,499653798
0.3797,499653798
0.3798,499653798
0.3799,499653798
0.38,499653798
0.3801,499653798
0.3802,499653798
0.3803,499653798
0.3804,499653798
0.3805,499653798
0.3806,499653798
0.3807,499653798
0.3808,499653798
0.3809,499653798
0.381,499653798
0.3811,499653798
0.3812,499653798
0.3813,499653798
0.3814,499653798
0.3815,499653798
0.3816,499653798
0.3817,499653798
0.3818,499653798
0.3819,499653798
0.382,499653798
0.3821,499653798
0.3822,499653798
0.3823,499653798
0.3824,499653798
0.3825,499653798
0.3826,499653798
0.3827,499653798
0.3828,499653798
0.3829,499653798
0.383,499653798
0.3831,499653798
0.3832,499653798
0.3833,499653798
0.3834,499653798
0.3835,499653798
0.3836,499653798
0.3837,499653798
0.3838,499653798
0.3839,499653798
0.384,499653798
0.3841,499653798
0.3842,499653798
0.3843,499653798
0.3844,499653798
0.3845,499653798
0.3846,499653798
0.3847,499653798
0.3848,499653798
0.3849,499653798
0.385,499653798
0.3851,499653798
0.3852,499653798
0.3853,499653798
0.3854,499653798
0.3855,499653798
0.3856,499653798
0.3857,499653798
0.3858,499653798
0.3859,499653798
0.386,499653798
0.3861,499653798
0.3862,499653798
0.3863,499653798
0.3864,499653798
0.3865,499653798
0.3866,499653798
0.3867,499653798
0.3868,499653798
0.3869,499653798
0.387,499653798
0.3871,499653798
0.3872,499653798
0.3873,499653798
0.3874,499653798
0.3875,499653798
0.3876,499653798
0.3877,499653798
0.3878,499653798
0.3879,499653798
0.388,499653798
0.3881,499653798
0.3882,499653798
0.3883,499653798
0.3884,499653798
0.3885,499653798
0.3886,499653798
0.3887,499653798
0.3888,499653798
0.3889,499653798
0.389,499653798
0.3891,499653798
0.3892,499653798
0.3893,499653798
0.3894,499653798
0.3895,499653798
0.3896,499653798
0.3897,499653798
0.3898,499653798
0.3899,499653798
0.39,499653798
0.3901,499653798
0.3902,499653798
0.3903,499653798
0.3904,499653798
0.3905,499653798
0.3906,499653798
0.3907,499653798
0.3908,499653798
0.3909,499653798
0.391,499653798
0.3911,499653798
0.3912,499653798
0.3913,499653798
0.3914,499653798
0.3915,499653798
0.3916,499653798
0.3917,499653798
0.3918,499653798
0.3919,499653798
0.392,499653798
0.3921,499653798
0.3922,499653798
0.3923,499653798
0.3924,499653798
0.3925,499653798
0.3926,499653798
0.3927,499653798
0.3928,499653798
0.3929,499653798
0.393,499653798
0.3931,499653798
0.3932,499653798
0.3933,499653798
0.3934,499653798
0.3935,499653798
0.3936,499653798
0.3937,499653798
0.3938,499653798
0.3939,499653798
0.394,499653798
0.3941,499653798
0.3942,499653798
0.3943,499653798
0.3944,499653798
0.3945,499653798
0.3946,499653798
0.3947,499653798
0.3948,499653798
0.3949,499653798
0.395,499653798
0.3951,499653798
0.3952,499653798
0.3953,499653798
0.3954,499653798
0.3955,499653798
0.3956,499653798
0.3957,499653798
0.3958,499653798
0.3959,499653798
0.396,499653798
0.3961,499653798
0.3962,499653798
0.3963,499653798
0.3964,499653798
0.3965,499653798
0.3966,499653798
0.3967,499653798
0.3968,499653798
0.3969,499653798
0.397,499653798
0.3971,499653798
0.3972,499653798
0.3973,499653798
0.3974,499653798
0.3975,499653798
0.3976,499653798
0.3977,499653798
0.3978,499653798
0.3979,499653798
0.398,499653798
0.3981,499653798
0.3982,499653798
0.3983,499653798
0.3984,499653798
0.3985,499653798
0.3986,499653798
0.3987,499653798
0.3988,499653798
0.3989,499653798
0.399,499653798
0.3991,499653798
0.3992,499653798
0.3993,499653798
0.3994,499653798
0.3995,499653798
0.3996,499653798
0.3997,499653798
0.3998,499653798
0.3999,499653798
0.4,499653798
